coefficient_name,share,target,error,error_pct
coef_bike_ASC_bike_atwork,1,0.9404123884811124,0.059587611518887584,0.06336327790739686
coef_bike_ASC_sov_atwork,0,0.05958761151888758,-0.05958761151888758,-1
coef_sov_ASC_sov_atwork,0.946659554607281,0.9946695345154098,-0.04800997990812883,-0.04826726690841966
coef_sov_ASC_walk_atwork,0.05334044539271903,0.0053304654845902,0.04800997990812883,9.006714337973015
coef_sr2_ASC_sov_atwork,0.004147517094496133,0.1263377118846924,-0.12219019479019626,-0.9671711871884973
coef_sr2_ASC_sr2_atwork,0.9853715951126555,0.8721096128726696,0.11326198223998585,0.12987126912511443
coef_sr2_ASC_walk_atwork,0.010480887792848335,0.00155267524263796,0.008928212550210375,5.750212475238251
coef_sr3p_ASC_sov_atwork,0.0019123505976095618,0.0313109815728899,-0.029398630975280334,-0.93892396528171
coef_sr3p_ASC_sr2_atwork,0.040956175298804784,0.06627063355710133,-0.02531445825829655,-0.381986060786406
coef_sr3p_ASC_sr3p_atwork,0.9539442231075698,0.8935801553305723,0.06036406777699743,0.06755305320614048
coef_sr3p_ASC_walk_atwork,0.0031872509960159364,0.00883822953943645,-0.0056509785434205135,-0.63937902022183
coef_walk_ASC_walk_atwork,1,1,0,0
coef_walk_transit_ASC_sov_atwork,0,0.02849266805710207,-0.02849266805710207,-1
coef_walk_transit_ASC_walk_atwork,0.071849234393404,0.16498014064568484,-0.09313090625228083,-0.5644976776464927
coef_walk_transit_ASC_walk_transit_atwork,0.928150765606596,0.8065271912972132,0.12162357430938286,0.1507990996729624
coef_bike_ASC_bike_eatout,1,0.6331180315283896,0.36688196847161036,0.579484314458605
coef_bike_ASC_sov_eatout,0,0.02445461632354843,-0.02445461632354843,-1
coef_bike_ASC_sr2_eatout,0,0.11385192238939428,-0.11385192238939428,-1
coef_bike_ASC_sr3p_eatout,0,0.09473407759822304,-0.09473407759822304,-1
coef_bike_ASC_walk_eatout,0,0.13384135216044457,-0.13384135216044457,-1
coef_drive_transit_ASC_drive_transit_eatout,1,0,1,1
coef_sov_ASC_sov_eatout,0.9691166554281861,0.9883121169018556,-0.019195461473669462,-0.019422469021065
coef_sov_ASC_walk_eatout,0.03088334457181389,0.01168788309814432,0.019195461473669573,1.6423385922397895
coef_sr2_ASC_sov_eatout,0.04649143578814429,0.05919014728549469,-0.012698711497350398,-0.21454096804490266
coef_sr2_ASC_sr2_eatout,0.8822322203804562,0.928550690578424,-0.046318470197967754,-0.04988254348194442
coef_sr2_ASC_sr3p_eatout,0.045702107506511956,0,0.045702107506511956,0.045702107506511956
coef_sr2_ASC_taxi_eatout,0.002604783329386692,0,0.002604783329386692,0.002604783329386692
coef_sr2_ASC_tnc_shared_eatout,0.0049727681742836845,0,0.0049727681742836845,0.0049727681742836845
coef_sr2_ASC_tnc_single_eatout,0.006946088878364512,0,0.006946088878364512,0.006946088878364512
coef_sr2_ASC_walk_eatout,0.011050595942852633,0.0122591621360812,-0.001208566193228568,-0.09858473032765531
coef_sr3p_ASC_sov_eatout,0.01599093427348275,0.01959625669610081,-0.0036053224226180597,-0.18398015899309145
coef_sr3p_ASC_sr2_eatout,0.0313523042054898,0.04502335610454509,-0.013671051899055285,-0.30364355485430367
coef_sr3p_ASC_sr3p_eatout,0.9388693024427096,0.9183918926695396,0.02047740977317003,0.02229702802977412
coef_sr3p_ASC_taxi_eatout,7.554772097708386e-4,0,7.554772097708386e-4,7.554772097708386e-4
coef_sr3p_ASC_tnc_shared_eatout,0.004029211785444472,0,0.004029211785444472,0.004029211785444472
coef_sr3p_ASC_tnc_single_eatout,0.0035885167464114833,0,0.0035885167464114833,0.0035885167464114833
coef_sr3p_ASC_walk_eatout,0.00541425333669101,0.01698849452981452,-0.01157424119312351,-0.6812988150781055
coef_tnc_shared_ASC_tnc_shared_eatout,1,0,1,1
coef_tnc_single_ASC_taxi_eatout,0.5,0,0.5,0.5
coef_tnc_single_ASC_tnc_shared_eatout,0.5,0,0.5,0.5
coef_walk_ASC_taxi_eatout,0.008264462809917356,0,0.008264462809917356,0.008264462809917356
coef_walk_ASC_tnc_shared_eatout,0.007513148009015778,0,0.007513148009015778,0.007513148009015778
coef_walk_ASC_tnc_single_eatout,0.012021036814425245,0,0.012021036814425245,0.012021036814425245
coef_walk_ASC_walk_eatout,0.9722013523666416,1,-0.027798647633358375,-0.027798647633358375
coef_walk_transit_ASC_sov_eatout,0,0.04377523485752827,-0.04377523485752827,-1
coef_walk_transit_ASC_sr2_eatout,0.030222585256279355,0.08274233966649942,-0.05251975441022007,-0.6347385706266676
coef_walk_transit_ASC_sr3p_eatout,0.03573616499897897,0,0.03573616499897897,0.03573616499897897
coef_walk_transit_ASC_walk_eatout,0.06922605676945068,0.27072338811900876,-0.20149733134955808,-0.7442922931393751
coef_walk_transit_ASC_walk_transit_eatout,0.864815192975291,0.6027590373569635,0.2620561556183275,0.43476105603893866
coef_bike_ASC_bike_escort,1,0.8649849587497204,0.13501504125027963,0.15608946708788451
coef_bike_ASC_sov_escort,0,0.02834402607809465,-0.02834402607809465,-1
coef_bike_ASC_sr2_escort,0,0.01076737030519396,-0.01076737030519396,-1
coef_bike_ASC_sr3p_escort,0,0.01757665577290069,-0.01757665577290069,-1
coef_bike_ASC_walk_escort,0,0.0783269890940904,-0.0783269890940904,-1
coef_drive_transit_ASC_drive_transit_escort,1,0.3333333333333333,0.6666666666666667,2.0000000000000004
coef_drive_transit_ASC_sov_escort,0,0.3333333333333333,-0.3333333333333333,-1
coef_drive_transit_ASC_walk_transit_escort,0,0.3333333333333333,-0.3333333333333333,-1
coef_sov_ASC_sov_escort,0,0.989178810853915,-0.989178810853915,-1
coef_sov_ASC_walk_escort,0,0.010821189146084891,-0.010821189146084891,-1
coef_sr2_ASC_sov_escort,0.19564796905222437,0.4463363659175893,-0.2506883968653649,-0.56165801401818
coef_sr2_ASC_sr2_escort,0.8031914893617021,0.5460031689632139,0.25718832039848827,0.4710381459632443
coef_sr2_ASC_walk_escort,0.0011605415860735009,0.00766046511919672,-0.0064999235331232195,-0.8485024645350522
coef_sr3p_ASC_sov_escort,0.03883578195504801,0.15415666079567347,-0.11532087884062546,-0.7480758745382867
coef_sr3p_ASC_sr2_escort,0.06509698252817518,0.21778831053908612,-0.15269132801091095,-0.7010997405368443
coef_sr3p_ASC_sr3p_escort,0.8948055003100874,0.6176963193150461,0.27710918099504134,0.4486171802064863
coef_sr3p_ASC_walk_escort,0.001261735206689335,0.01035870935019434,-0.009096974143505004,-0.8781957129953005
coef_walk_ASC_walk_escort,1,1,0,0
coef_walk_transit_ASC_bike_escort,0,0.02347810368717767,-0.02347810368717767,-1
coef_walk_transit_ASC_sov_escort,0,0.1369271670372402,-0.1369271670372402,-1
coef_walk_transit_ASC_sr2_escort,0.09251101321585903,0.203527182835311,-0.11101616961945196,-0.5454611422066575
coef_walk_transit_ASC_sr3p_escort,0.14096916299559473,0.26623927606200115,-0.12527011306640642,-0.47051702858910205
coef_walk_transit_ASC_walk_escort,0.006607929515418502,0,0.006607929515418502,0.006607929515418502
coef_walk_transit_ASC_walk_transit_escort,0.7599118942731278,0.36982827037827,0.3900836238948578,1.0547696191420686
coef_bike_ASC_bike_othdiscr,0.996962332928311,0.946394651972985,0.050567680955326044,0.05343191748802222
coef_bike_ASC_sov_othdiscr,0,0.02385369139117581,-0.02385369139117581,-1
coef_bike_ASC_sr3p_othdiscr,0,0.02975165663583915,-0.02975165663583915,-1
coef_bike_ASC_walk_othdiscr,0.003037667071688943,0,0.003037667071688943,0.003037667071688943
coef_drive_transit_ASC_drive_transit_othdiscr,1,0.5,0.5,1
coef_drive_transit_ASC_walk_transit_othdiscr,0,0.5,-0.5,-1
coef_sov_ASC_sov_othdiscr,0.9739213052452249,0.9922019867273169,-0.018280681482091943,-0.018424354845719488
coef_sov_ASC_walk_othdiscr,0.02607869475477509,0.00779801327268317,0.01828068148209192,2.3442742199644697
coef_sr2_ASC_sov_othdiscr,0.04204081632653061,0.12188689264584245,-0.07984607631931184,-0.6550833693932503
coef_sr2_ASC_sr2_othdiscr,0.9053333333333333,0.8493400910825532,0.05599324225078017,0.06592558486131536
coef_sr2_ASC_sr3p_othdiscr,0.034585034013605444,0,0.034585034013605444,0.034585034013605444
coef_sr2_ASC_taxi_othdiscr,0.0013061224489795918,0,0.0013061224489795918,0.0013061224489795918
coef_sr2_ASC_tnc_shared_othdiscr,0.002503401360544218,0,0.002503401360544218,0.002503401360544218
coef_sr2_ASC_tnc_single_othdiscr,0.004571428571428572,0,0.004571428571428572,0.004571428571428572
coef_sr2_ASC_walk_othdiscr,0.009659863945578231,0.02877301627160451,-0.01911315232602628,-0.6642735035356252
coef_sr3p_ASC_sov_othdiscr,0.020678587803759745,0.06613166481185861,-0.04545307700809887,-0.6873118518550936
coef_sr3p_ASC_sr2_othdiscr,0.043695552498853735,0.07609480124332454,-0.03239924874447081,-0.4257747995276228
coef_sr3p_ASC_sr3p_othdiscr,0.9098120128381476,0.8488126603371455,0.06099935250100208,0.07186432925820563
coef_sr3p_ASC_taxi_othdiscr,0.002567629527739569,0,0.002567629527739569,0.002567629527739569
coef_sr3p_ASC_tnc_shared_othdiscr,0.005181109582760202,0,0.005181109582760202,0.005181109582760202
coef_sr3p_ASC_tnc_single_othdiscr,0.010912425492893169,0,0.010912425492893169,0.010912425492893169
coef_sr3p_ASC_walk_othdiscr,0.007152682255845942,0.00896087360767123,-0.0018081913518252883,-0.20178739607233503
coef_walk_ASC_taxi_othdiscr,0.0011494252873563218,0,0.0011494252873563218,0.0011494252873563218
coef_walk_ASC_tnc_shared_othdiscr,0.0027409372236958445,0,0.0027409372236958445,0.0027409372236958445
coef_walk_ASC_tnc_single_othdiscr,0.003183023872679045,0,0.003183023872679045,0.003183023872679045
coef_walk_ASC_walk_othdiscr,0.9929266136162688,1,-0.007073386383731228,-0.007073386383731228
coef_walk_transit_ASC_sov_othdiscr,0,0.13341001241904163,-0.13341001241904163,-1
coef_walk_transit_ASC_sr2_othdiscr,0.01338432122370937,0,0.01338432122370937,0.01338432122370937
coef_walk_transit_ASC_sr3p_othdiscr,0.06692160611854685,0,0.06692160611854685,0.06692160611854685
coef_walk_transit_ASC_walk_othdiscr,0.04780114722753346,0,0.04780114722753346,0.04780114722753346
coef_walk_transit_ASC_walk_transit_othdiscr,0.8718929254302104,0.8665899875809584,0.005302937849251954,0.0061193158532270074
coef_bike_ASC_bike_othmaint,0.9902173913043478,0.9144132961046016,0.07580409519974618,0.08289916115904201
coef_bike_ASC_sov_othmaint,0,0.0405943462869319,-0.0405943462869319,-1
coef_bike_ASC_sr2_othmaint,0,0.00494838077110469,-0.00494838077110469,-1
coef_bike_ASC_sr3p_othmaint,0,0.01535556862146281,-0.01535556862146281,-1
coef_bike_ASC_walk_othmaint,0.009782608695652175,0.02468840821589896,-0.014905799520246786,-0.6037570097632976
coef_drive_transit_ASC_drive_transit_othmaint,1,0.3973876918593479,0.602612308140652,1.516434254219282
coef_drive_transit_ASC_sov_othmaint,0,0.20522461628130417,-0.20522461628130417,-1
coef_drive_transit_ASC_walk_transit_othmaint,0,0.3973876918593479,-0.3973876918593479,-1
coef_sov_ASC_sov_othmaint,0.9613786112519006,0.993429475572691,-0.032050864320790406,-0.0322628481526721
coef_sov_ASC_walk_othmaint,0.03862138874809934,0.00657052442730897,0.03205086432079037,4.877976587009989
coef_sr2_ASC_sov_othmaint,0.09684571919032973,0.07193189491401993,0.02491382427630981,0.3463529538056694
coef_sr2_ASC_sr2_othmaint,0.8155353694299406,0.9058688947606518,-0.09033352533071115,-0.09972030815185351
coef_sr2_ASC_sr3p_othmaint,0.056290680208854874,0,0.056290680208854874,0.056290680208854874
coef_sr2_ASC_taxi_othmaint,0.0033617051713039124,0,0.0033617051713039124,0.0033617051713039124
coef_sr2_ASC_tnc_shared_othmaint,0.009870538588083828,0,0.009870538588083828,0.009870538588083828
coef_sr2_ASC_tnc_single_othmaint,0.009226807810600101,0,0.009226807810600101,0.009226807810600101
coef_sr2_ASC_walk_othmaint,0.008869179600886918,0.02219921032532821,-0.013330030724441291,-0.6004731938249345
coef_sr3p_ASC_sov_othmaint,0.03084459277601335,0.01932516601594663,0.01151942676006672,0.5960842328889276
coef_sr3p_ASC_sr2_othmaint,0.050761694568552514,0.04875863105038105,0.0020030635181714634,0.0410812091115058
coef_sr3p_ASC_sr3p_othmaint,0.8877106098939549,0.917733027788083,-0.030022417894128073,-0.03271367269682775
coef_sr3p_ASC_taxi_othmaint,0.0030144802713032246,0,0.0030144802713032246,0.0030144802713032246
coef_sr3p_ASC_tnc_shared_othmaint,0.00985089088658018,0,0.00985089088658018,0.00985089088658018
coef_sr3p_ASC_tnc_single_othmaint,0.008881950799375572,0,0.008881950799375572,0.008881950799375572
coef_sr3p_ASC_walk_othmaint,0.008935780804220273,0.01418317514558942,-0.005247394341369147,-0.36997317508279826
coef_tnc_shared_ASC_sr2_othmaint,0.25,0,0.25,0.25
coef_tnc_shared_ASC_sr3p_othmaint,0.25,0,0.25,0.25
coef_tnc_shared_ASC_tnc_shared_othmaint,0.5,0,0.5,0.5
coef_walk_ASC_taxi_othmaint,0.0019693346462230973,0,0.0019693346462230973,0.0019693346462230973
coef_walk_ASC_tnc_shared_othmaint,0.0029540019693346463,0,0.0029540019693346463,0.0029540019693346463
coef_walk_ASC_tnc_single_othmaint,0.0018286678857785904,0,0.0018286678857785904,0.0018286678857785904
coef_walk_ASC_walk_othmaint,0.9932479954986637,1,-0.006752004501336284,-0.006752004501336284
coef_walk_transit_ASC_bike_othmaint,0,0.00383071757140588,-0.00383071757140588,-1
coef_walk_transit_ASC_sov_othmaint,0,0.12338913435112706,-0.12338913435112706,-1
coef_walk_transit_ASC_sr2_othmaint,0,0.06958348879372889,-0.06958348879372889,-1
coef_walk_transit_ASC_sr3p_othmaint,8.829242450997704e-4,0.04838672372538969,-0.047503799480289925,-0.9817527582542962
coef_walk_transit_ASC_walk_othmaint,0.059332509270704575,0.05717633215309899,0.002156177117605587,0.03771100797148145
coef_walk_transit_ASC_walk_transit_othmaint,0.9397845664841956,0.6976336034052495,0.24215096307894612,0.34710335324584796
coef_bike_ASC_bike_school,0.9972783825816485,0.8234631475199933,0.1738152350616552,0.2110783410103183
coef_bike_ASC_sov_school,0,0.00453361140767698,-0.00453361140767698,-1
coef_bike_ASC_sr2_school,0,0.02504190328441037,-0.02504190328441037,-1
coef_bike_ASC_sr3p_school,0,0.0800475956398173,-0.0800475956398173,-1
coef_bike_ASC_walk_school,0.0027216174183514776,0.06691374214810206,-0.06419212472975058,-0.9593264801671435
coef_drive_transit_ASC_drive_transit_school,1,0.24515432651123095,0.7548456734887691,3.0790632342937183
coef_drive_transit_ASC_sr2_school,0,0.12742283674438448,-0.12742283674438448,-1
coef_drive_transit_ASC_sr3p_school,0,0.25484567348876896,-0.25484567348876896,-1
coef_drive_transit_ASC_walk_transit_school,0,0.3725771632556155,-0.3725771632556155,-1
coef_sov_ASC_sov_school,1,0.9657615379836102,0.034238462016389803,0.03545229403924643
coef_sov_ASC_walk_school,0,0.03423846201638975,-0.03423846201638975,-1
coef_sr2_ASC_sov_school,0.08681296352737987,0.1757212992491325,-0.08890833572175262,-0.5059622032255805
coef_sr2_ASC_sr2_school,0.8830641064716042,0.7834444569174757,0.0996196495541285,0.12715598237313455
coef_sr2_ASC_walk_school,0.03012293000101595,0.0408342438333918,-0.010711313832375849,-0.2623120407489162
coef_sr3p_ASC_sov_school,0.069378447583984107,0.04975517788119684,0.019623269702787265,0.39439653395758767
coef_sr3p_ASC_sr2_school,0.06644839930188415,0.12663280232196134,-0.06018440302007719,-0.47526708654097033
coef_sr3p_ASC_sr3p_school,0.8546059085060576,0.8000620785359185,0.05454382997013907,0.06817449724645379
coef_sr3p_ASC_walk_school,0.009567244608074194,0.0235499412609234,-0.013982696652849205,-0.5937465617398716
coef_walk_ASC_walk_school,1,1,0,0
coef_walk_transit_ASC_sov_school,0,0.07100711009283502,-0.07100711009283502,-1
coef_walk_transit_ASC_sr2_school,0.012956503167936215,0.13974531390286055,-0.12678881073492432,-0.9072848827192694
coef_walk_transit_ASC_sr3p_school,0.0886310244180252,0.09644947634596276,-0.007818451927937564,-0.08106266849902741
coef_walk_transit_ASC_walk_school,0.002491635224603118,0.0976374860019264,-0.09514585077732328,-0.9744807519465017
coef_walk_transit_ASC_walk_transit_school,0.8959208371894355,0.5951606136564153,0.30076022353302023,0.505342955551572
coef_bike_ASC_bike_shopping,0.9972462627852084,0.8868583438184098,0.11038791896679867,0.12447074522805791
coef_bike_ASC_sov_shopping,0,0.03469670586783257,-0.03469670586783257,-1
coef_bike_ASC_sr2_shopping,0,0.03502246224749086,-0.03502246224749086,-1
coef_bike_ASC_sr3p_shopping,0,0.01908006539584852,-0.01908006539584852,-1
coef_bike_ASC_walk_shopping,0.0027537372147915028,0.02434242267041835,-0.021588685455626845,-0.8868749732894118
coef_drive_transit_ASC_drive_transit_shopping,1,0.2159248773787135,0.7840751226212865,3.6312403283021752
coef_drive_transit_ASC_sov_shopping,0,0.2840751226212865,-0.2840751226212865,-1
coef_drive_transit_ASC_walk_shopping,0,0.18938341508085765,-0.18938341508085765,-1
coef_drive_transit_ASC_walk_transit_shopping,0,0.31061658491914235,-0.31061658491914235,-1
coef_sov_ASC_sov_shopping,0.9683664502962102,0.9914925095763404,-0.02312605928013023,-0.023324492173936718
coef_sov_ASC_walk_shopping,0.03163354970378979,0.00850749042365957,0.023126059280130215,2.7183174036630113
coef_sr2_ASC_sov_shopping,0.04537740062527914,0.04399264454174319,0.0013847560835359499,0.031476991164329754
coef_sr2_ASC_sr2_shopping,0.9451838618430847,0.9447250964318374,4.587654112472306e-4,4.8560730839051103e-4
coef_sr2_ASC_taxi_shopping,0.0012803334822093196,0,0.0012803334822093196,0.0012803334822093196
coef_sr2_ASC_tnc_shared_shopping,0.0017567366383802292,0,0.0017567366383802292,0.0017567366383802292
coef_sr2_ASC_tnc_single_shopping,0.0029775197260681853,0,0.0029775197260681853,0.0029775197260681853
coef_sr2_ASC_walk_shopping,0.003424147684978413,0.0112822590264193,-0.007858111341440887,-0.6965015891799508
coef_sr3p_ASC_sov_shopping,0.019742782536544892,0.01522859120838855,0.004514191328156341,0.2964286890615157
coef_sr3p_ASC_sr2_shopping,0.01813212289821119,0.04086124602877922,-0.02272912313056803,-0.5562513466809003
coef_sr3p_ASC_sr3p_shopping,0.9293994191863728,0.9332545153568472,-0.0038550961704744147,-0.004130809020517138
coef_sr3p_ASC_taxi_shopping,0.0032701271444956926,0,0.0032701271444956926,0.0032701271444956926
coef_sr3p_ASC_tnc_shared_shopping,0.018913048783463893,0,0.018913048783463893,0.018913048783463893
coef_sr3p_ASC_tnc_single_shopping,0.009419918490860726,0,0.009419918490860726,0.009419918490860726
coef_sr3p_ASC_walk_shopping,0.0011225809600507602,0.01065564740598492,-0.00953306644593416,-0.8946492017537813
coef_tnc_shared_ASC_sr2_shopping,0.25,0,0.25,0.25
coef_tnc_shared_ASC_taxi_shopping,0.25,0,0.25,0.25
coef_tnc_shared_ASC_tnc_shared_shopping,0.5,0,0.5,0.5
coef_tnc_single_ASC_taxi_shopping,1,0,1,1
coef_walk_ASC_taxi_shopping,0.0022692889561270802,0,0.0022692889561270802,0.0022692889561270802
coef_walk_ASC_tnc_shared_shopping,0.002017145738779627,0,0.002017145738779627,0.002017145738779627
coef_walk_ASC_tnc_single_shopping,0.0024373844343587156,0,0.0024373844343587156,0.0024373844343587156
coef_walk_ASC_walk_shopping,0.9932761808707345,1,-0.0067238191292654514,-0.0067238191292654514
coef_walk_transit_ASC_bike_shopping,0,0.00669212408744382,-0.00669212408744382,-1
coef_walk_transit_ASC_sov_shopping,0,0.07407528953095632,-0.07407528953095632,-1
coef_walk_transit_ASC_sr2_shopping,0.013071125765426284,0.03139586770836961,-0.018324741942943323,-0.583667319315983
coef_walk_transit_ASC_sr3p_shopping,0.026731040979745643,0.07532852794477798,-0.04859748696503234,-0.6451405369378558
coef_walk_transit_ASC_walk_shopping,0.018841262364578427,0.2887997907056914,-0.26995852834111295,-0.9347601245882512
coef_walk_transit_ASC_walk_transit_shopping,0.9413565708902496,0.5237084000227608,0.41764817086748884,0.7974822837467139
coef_bike_ASC_bike_social,1,0.938584547734979,0.06141545226502099,0.0654341182296583
coef_bike_ASC_sov_social,0,0.01402001323531026,-0.01402001323531026,-1
coef_bike_ASC_sr2_social,0,0.00986119343082799,-0.00986119343082799,-1
coef_bike_ASC_sr3p_social,0,0.02249846537719008,-0.02249846537719008,-1
coef_bike_ASC_walk_social,0,0.01503578022169258,-0.01503578022169258,-1
coef_sov_ASC_sov_social,0.9748636009353079,0.9874769313940956,-0.012613330458787764,-0.012773291261579726
coef_sov_ASC_walk_social,0.025136399064692127,0.01252306860590443,0.012613330458787696,1.0072076466019446
coef_sr2_ASC_sov_social,0.05110541493111182,0.04809736270570926,0.003008052225402562,0.06254089738366257
coef_sr2_ASC_sr2_social,0.6321691765459788,0.9318790269247612,-0.2997098503787824,-0.3216188386252635
coef_sr2_ASC_sr3p_social,0.06392181992950978,0,0.06392181992950978,0.06392181992950978
coef_sr2_ASC_taxi_social,0.005286767061839154,0,0.005286767061839154,0.005286767061839154
coef_sr2_ASC_tnc_shared_social,0.012015379685998077,0,0.012015379685998077,0.012015379685998077
coef_sr2_ASC_tnc_single_social,0.010573534123678308,0,0.010573534123678308,0.010573534123678308
coef_sr2_ASC_walk_social,0.224927907721884,0.02002361036952942,0.20490429735235458,10.233134463311577
coef_sr3p_ASC_sov_social,0.03596355176424971,0.01929325138844073,0.01667030037580898,0.8640482643478511
coef_sr3p_ASC_sr2_social,0.06378441256300892,0.04579373308365744,0.017990679479351478,0.3928633519893549
coef_sr3p_ASC_sr3p_social,0.8808646762310973,0.9271354893632672,-0.04627081313216985,-0.049907282876149484
coef_sr3p_ASC_taxi_social,0.0016479255525397442,0,0.0016479255525397442,0.0016479255525397442
coef_sr3p_ASC_tnc_shared_social,0.0064947654129507565,0,0.0064947654129507565,0.0064947654129507565
coef_sr3p_ASC_tnc_single_social,0.005913144629701435,0,0.005913144629701435,0.005913144629701435
coef_sr3p_ASC_walk_social,0.005331523846452114,0.00777752616463478,-0.002446002318182666,-0.3144961863715603
coef_tnc_shared_ASC_tnc_shared_social,1,0,1,1
coef_walk_ASC_taxi_social,0.001975763962065332,0,0.001975763962065332,0.001975763962065332
coef_walk_ASC_tnc_shared_social,0.0014488935721812435,0,0.0014488935721812435,0.0014488935721812435
coef_walk_ASC_tnc_single_social,0.0015806111696522655,0,0.0015806111696522655,0.0015806111696522655
coef_walk_ASC_walk_social,0.9949947312961012,1,-0.005005268703898835,-0.005005268703898835
coef_walk_transit_ASC_sov_social,0,0.05105300762952942,-0.05105300762952942,-1
coef_walk_transit_ASC_sr2_social,0.019653179190751446,0.05077408881247642,-0.031120909621724976,-0.6129289633667994
coef_walk_transit_ASC_sr3p_social,0,0.03768945214196633,-0.03768945214196633,-1
coef_walk_transit_ASC_walk_social,0.006936416184971098,0.08356327944075213,-0.07662686325578104,-0.916992054029077
coef_walk_transit_ASC_walk_transit_social,0.9734104046242774,0.7769201719752756,0.19649023264900178,0.25290916587921314
coef_bike_ASC_bike_univ,0.9500831946755408,0.8830139566092788,0.06706923806626197,0.07595490146475585
coef_bike_ASC_sr2_univ,0,0.03823807363950648,-0.03823807363950648,-1
coef_bike_ASC_sr3p_univ,0,0.0429397711239531,-0.0429397711239531,-1
coef_bike_ASC_walk_univ,0.04991680532445923,0.03580819862726157,0.014108606697197663,0.3940049273089228
coef_drive_transit_ASC_drive_transit_univ,1,0.4519010721954913,0.5480989278045088,1.2128737051710345
coef_drive_transit_ASC_sov_univ,0,0.02866281004879521,-0.02866281004879521,-1
coef_drive_transit_ASC_sr3p_univ,0,0.03305608908111813,-0.03305608908111813,-1
coef_drive_transit_ASC_walk_univ,0,0.06314176652789932,-0.06314176652789932,-1
coef_drive_transit_ASC_walk_transit_univ,0,0.4232382621466961,-0.4232382621466961,-1
coef_sov_ASC_sov_univ,0.978391959798995,0.9904708805208796,-0.012078920721884656,-0.012195129568607268
coef_sov_ASC_walk_univ,0.021608040201005024,0.00952911947912033,0.012078920721884694,1.267579942548873
coef_sr2_ASC_sov_univ,0.11207761793241887,0.28459676242645465,-0.17251914449403577,-0.6061880079841669
coef_sr2_ASC_sr2_univ,0.8701906992305118,0.6789473141745657,0.19124338505594618,0.28167632607612786
coef_sr2_ASC_walk_univ,0.017731682837069253,0.03645592339897972,-0.018724240561910466,-0.5136131200680133
coef_sr3p_ASC_sov_univ,0.044282238442822384,0.10472386107738856,-0.06044162263456617,-0.5771523510759519
coef_sr3p_ASC_sr2_univ,0.08613138686131387,0.24394570949124972,-0.15781432262993583,-0.6469239527067665
coef_sr3p_ASC_sr3p_univ,0.8583941605839416,0.5984346149876156,0.25995954559632595,0.4343992461092942
coef_sr3p_ASC_walk_univ,0.01119221411192214,0.05289581444374612,-0.04170360033182398,-0.7884102129890657
coef_tnc_shared_ASC_taxi_univ,0.5,0,0.5,0.5
coef_tnc_shared_ASC_tnc_shared_univ,0.25,0,0.25,0.25
coef_tnc_shared_ASC_tnc_single_univ,0.25,0,0.25,0.25
coef_tnc_single_ASC_taxi_univ,1,0,1,1
coef_walk_ASC_walk_univ,1,1,0,0
coef_walk_transit_ASC_bike_univ,0,0.01411912736412319,-0.01411912736412319,-1
coef_walk_transit_ASC_sov_univ,0,0.06095087332237328,-0.06095087332237328,-1
coef_walk_transit_ASC_sr2_univ,0.03515576129112974,0.13559570633020396,-0.10043994503907422,-0.7407310139635388
coef_walk_transit_ASC_sr3p_univ,0,0.03901867693758518,-0.03901867693758518,-1
coef_walk_transit_ASC_walk_univ,0.017014888027023646,0.04288890355354859,-0.025874015526524942,-0.6032799484887775
coef_walk_transit_ASC_walk_transit_univ,0.9478293506818466,0.7074267124921658,0.24040263818968077,0.3398269162649736
coef_bike_ASC_bike_work,0.9996370235934664,0.8710921430245333,0.1285448805689331,0.14756748938477426
coef_bike_ASC_sov_work,0,0.04625540057623741,-0.04625540057623741,-1
coef_bike_ASC_sr2_work,0,0.01997694028503138,-0.01997694028503138,-1
coef_bike_ASC_sr3p_work,0,0.02931307116040983,-0.02931307116040983,-1
coef_bike_ASC_walk_work,3.629764065335753e-4,0.0333624449537881,-0.032999468547254523,-0.9891202096538082
coef_drive_transit_ASC_drive_transit_work,1,0.44923253968513555,0.5507674603148645,1.226018624342961
coef_drive_transit_ASC_sov_work,0,0.03529301308436967,-0.03529301308436967,-1
coef_drive_transit_ASC_sr2_work,0,0.03279236272945613,-0.03279236272945613,-1
coef_drive_transit_ASC_sr3p_work,0,0.03814406487074077,-0.03814406487074077,-1
coef_drive_transit_ASC_walk_work,0,0.0361126804811864,-0.0361126804811864,-1
coef_drive_transit_ASC_walk_transit_work,0,0.40842533914911144,-0.40842533914911144,-1
coef_sov_ASC_sov_work,0.9663574605590662,0.9904869664434668,-0.02412950588440055,-0.02436125532377489
coef_sov_ASC_walk_work,0.03364253944093373,0.00951303355653317,0.024129505884400562,2.5364680720409507
coef_sr2_ASC_sov_work,0.1721715372981412,0.34967520504078553,-0.17750366774264434,-0.5076244045440415
coef_sr2_ASC_sr2_work,0.8255842318388057,0.6354921779589368,0.19009205387986894,0.2991257177868081
coef_sr2_ASC_walk_work,0.0022442308630531297,0.01483261700027768,-0.012588386137224551,-0.8486962305430583
coef_sr3p_ASC_sov_work,0.1080231260776955,0.2347236630001669,-0.1267005369224714,-0.5397859564009161
coef_sr3p_ASC_sr2_work,0.06734962977989654,0.11325219716274888,-0.04590256738285234,-0.4053128198200705
coef_sr3p_ASC_sr3p_work,0.8232325793691043,0.635843388584697,0.1873891907844073,0.29470966302175566
coef_sr3p_ASC_walk_work,0.0013946647733035806,0.01618075125238714,-0.014786086479083558,-0.9138071680634836
coef_tnc_shared_ASC_sr2_work,0.0625,0,0.0625,0.0625
coef_tnc_shared_ASC_sr3p_work,0.1875,0,0.1875,0.1875
coef_tnc_shared_ASC_taxi_work,0.1875,0,0.1875,0.1875
coef_tnc_shared_ASC_tnc_shared_work,0.25,0,0.25,0.25
coef_tnc_shared_ASC_tnc_single_work,0.1875,0,0.1875,0.1875
coef_tnc_shared_ASC_walk_work,0.125,0,0.125,0.125
coef_walk_ASC_walk_work,1,1,0,0
coef_walk_transit_ASC_bike_work,0,0.03738551800695632,-0.03738551800695632,-1
coef_walk_transit_ASC_sov_work,0,0.10807023722872752,-0.10807023722872752,-1
coef_walk_transit_ASC_sr2_work,0.04389791183294663,0.07554732151322946,-0.031649409680282826,-0.41893490128224525
coef_walk_transit_ASC_sr3p_work,0.06793503480278422,0.05386595381259464,0.01406908099018958,0.2611868906867853
coef_walk_transit_ASC_walk_work,0.006148491879350348,0.04960379044445902,-0.04345529856510867,-0.8760479426217485
coef_walk_transit_ASC_walk_transit_work,0.8820185614849188,0.6755271789940331,0.2064913824908856,0.30567442571057457
