Index,CO_TAZID,TOTHH,TOTPOP,HHSIZE,ALLEMP,RETL,FOOD,MANU,WSLE,OFFI,GVED,HLTH,OTHR,FM_AGRI,FM_MING,FM_CONS,HBJ,AVGINCOME,Enrol_Elem,Enrol_Midl,Enrol_High,CO_FIPS,CO_NAME
1,3001,56.4,165.4,2.93,152.5,23.1,15.2,25.1,4.7,0.2,27.6,1.1,3,45.4,0,3.7,3.3,42202,21,0,0,3,BOX ELDER
2,3002,93.3,251.9,2.7,31.9,3.1,0.1,0.3,2.9,0.1,6.8,0.1,2.4,0,0,10.8,5.4,54204,0,0,0,3,BOX ELDER
3,3003,80.1,204.6,2.55,26,0,0,0.1,0,0,13.6,0,6.5,0,0,0.9,4.7,53540,0,0,0,3,BOX ELDER
4,3004,139.2,430.1,3.09,86.9,1.3,11,0.7,7.2,0.7,7,0.2,2.6,0,29.8,18.3,8.1,53540,0,0,0,3,BOX ELDER
5,3005,158.1,461.6,2.92,107.2,0.6,0.3,2.8,4.9,0.3,71.2,0.4,1.1,0,0,16.4,9.2,56865,360,0,0,3,BOX ELDER
6,3006,74.7,254,3.4,75.8,0.4,0.2,0.9,12.7,3.5,12.3,0.3,15.4,0,0,25.7,4.4,52913,0,0,0,3,BOX ELDER
7,3007,122.8,356.1,2.9,136.8,0,1,0,0,0,98,0,0,0,0,30.4,7.2,52913,0,0,0,3,BOX ELDER
8,3008,6.7,15.2,2.27,3.2,0,0,0,0,0,0,0,0,0,0,2.8,0.4,48829,0,0,0,3,BOX ELDER
9,3009,17.3,52.4,3.04,19.1,0.5,0.3,1.3,9.8,0.2,0.6,0.3,0.9,0,0,4.2,1,48829,0,0,0,3,BOX ELDER
10,3010,137.1,420,3.06,80.9,12.8,0,2.5,7,0,40.4,0.8,4.3,0,0,5.1,8,48829,704,0,0,3,BOX ELDER
11,3011,108.5,318.8,2.94,43,0.3,0.2,3.3,0.3,0.1,0.4,0.2,4.8,0,0,27.1,6.3,48829,0,0,0,3,BOX ELDER
12,3012,14,16.8,1.2,0.8,0,0,0,0,0,0,0,0,0,0,0,0.8,48829,0,0,0,3,BOX ELDER
13,3013,15.8,57,3.61,1.8,0,0,0,0,0,0,0,0,0,0,0.9,0.9,48829,0,0,0,3,BOX ELDER
14,3014,108.8,384.2,3.53,99.6,2,5,10,3.6,0.8,2.5,22.9,44.1,0,0,2.3,6.3,48829,0,0,50,3,BOX ELDER
15,3015,196.5,628.9,3.2,41.7,1.4,4.2,2.4,4.6,0.2,0.6,13.8,0.8,0,0,2.3,11.5,48829,0,0,0,3,BOX ELDER
16,3016,22,62.7,2.84,33.9,0.9,0,7.2,14.6,0.5,0,0,0,0,0,9.4,1.3,48829,0,0,0,3,BOX ELDER
17,3017,133,442.5,3.33,85.3,2.3,0.7,26.8,8.3,0.6,1.7,0.9,4.4,0,0,31.8,7.8,53540,0,0,0,3,BOX ELDER
18,3018,0,0,0,342.8,1.3,0.7,322.7,11.2,0.6,1.7,0.9,2.3,0,0,1.4,0,48829,0,0,0,3,BOX ELDER
19,3019,0,0,0,999.3,541.1,0,411,30.8,0,0,5.6,10.8,0,0,0,0,48829,0,0,0,3,BOX ELDER
20,3020,23.9,67.8,2.84,16.7,0.9,0.5,2.2,1,0.4,1.1,0.6,5.8,0,0,2.8,1.4,54181,0,0,0,3,BOX ELDER
21,3021,223.6,717.7,3.21,221.2,22.3,57,11.9,14.9,2,5.9,3.2,40.4,0,0,50.6,13,44563,0,0,0,3,BOX ELDER
22,3022,17.1,59.9,3.5,968.2,3.9,34.3,692.6,121.6,0,0,0,85,28.4,0,1.4,1,44563,0,0,0,3,BOX ELDER
23,3023,77.6,217,2.8,238.5,12.2,3.8,4.4,71.3,0.7,2.2,47.3,70,0,0,22,4.5,44563,0,0,0,3,BOX ELDER
24,3024,117.7,418.2,3.55,261.2,0.4,1.2,0.9,6,9.7,0.5,122.1,71.1,0,0,42.6,6.9,44563,0,0,0,3,BOX ELDER
25,3025,181.8,487.2,2.68,116.8,0,0,0.1,0.1,0,99.4,0.8,0.1,0,0,5.6,10.6,60482,550,0,929,3,BOX ELDER
26,3026,133.2,437,3.28,275,0,0,0,0,1.1,127,0,120.8,5.7,0,12.6,7.8,60482,388,132,201,3,BOX ELDER
27,3027,14,46.4,3.32,87.3,7.3,10.6,13.7,17.5,1.5,4.4,2.4,6.1,0,0,22.9,0.8,46238,0,0,0,3,BOX ELDER
28,3028,99.9,273.9,2.74,85.8,3.8,13.4,7.2,4.5,1.8,3.6,2.8,5,8.5,0,29.5,5.8,46238,0,0,0,3,BOX ELDER
29,3029,395,1096,2.77,191.4,3,0.1,4,31.8,2.3,43.9,37.2,21.4,0,0,24.8,23.1,44563,0,686,0,3,BOX ELDER
30,3030,277.3,787.8,2.84,428.7,64.5,35.6,2.5,1.4,107.6,1.4,12.8,177.8,0,0,8.9,16.2,28389,0,0,0,3,BOX ELDER
31,3031,55.5,146.8,2.64,47.8,0.7,0.4,1.9,0.8,2,0.9,6.9,14.1,0,0,16.9,3.2,46238,0,0,0,3,BOX ELDER
32,3032,28.2,90.7,3.22,15.8,0,0,0,0,0,0,0,0,14.2,0,0,1.6,54181,0,0,0,3,BOX ELDER
33,3033,0,0,0,162.7,11.2,113.8,3.4,9.9,0.6,1.7,0.9,19.7,0,0,1.4,0,41750,0,0,0,3,BOX ELDER
34,3034,22.9,73.9,3.23,203.9,46.8,3.8,18,36.7,3.6,9,4.9,61.2,0,0,18.7,1.3,41750,0,0,0,3,BOX ELDER
35,3035,279,891.5,3.2,182.3,53.4,4.4,13.8,10.5,4.1,5.6,3.9,65.7,0,0,4.7,16.3,45413,0,0,0,3,BOX ELDER
36,3036,198.7,523.6,2.63,817,231,66.6,2.5,57.4,2.3,267.2,29.8,148.7,0,0,0,11.6,38338,598,0,0,3,BOX ELDER
37,3037,75.4,220.8,2.93,75.3,9.8,0,0,1.4,3.4,0,16.8,32.1,0,0,7.5,4.4,46238,0,0,0,3,BOX ELDER
38,3038,34.2,107.7,3.15,25.4,0,0,0,0,0,0,0,0,0,0,23.4,2,46238,0,0,0,3,BOX ELDER
39,3039,39.8,121.2,3.04,61.9,6,6.5,2.8,1.2,0.5,1.4,0.7,14.8,0,0,25.7,2.3,46238,0,0,0,3,BOX ELDER
40,3040,407,1333.9,3.28,83,0,0,0,2.8,0,41.9,1.6,12.9,0,0,0,23.8,41750,0,0,0,3,BOX ELDER
41,3041,97.8,313.2,3.2,48.8,4.2,1.2,5.7,6.6,1,2.8,1.5,10.3,0,0,9.8,5.7,45413,0,0,0,3,BOX ELDER
42,3042,19.2,29.9,1.56,80.8,2.1,1.1,7.9,6.5,0.9,13.4,1.5,3.7,0,0,42.6,1.1,41750,0,0,0,3,BOX ELDER
43,3043,27.6,87.1,3.16,2.1,0,0,0,0,0,0,0,0,0,0,0.5,1.6,54181,0,0,0,3,BOX ELDER
44,3044,19.7,65.5,3.32,222.8,21.9,8.6,44.6,17.7,6.8,20.4,11.1,62.4,0,0,28.1,1.2,63578,0,0,0,3,BOX ELDER
45,3045,3.6,5.6,1.56,4.8,2,0,0.1,1.4,0,0.1,0,0.1,0,0,0.9,0.2,46238,0,0,0,3,BOX ELDER
46,3046,8.9,20.1,2.24,1.9,0,0,0,0,0,0,0,0,0,0,1.4,0.5,46238,0,0,0,3,BOX ELDER
47,3047,8.2,24.4,2.98,2.4,0,0,0,0,0,0,0,0,0,0,1.9,0.5,46238,0,0,0,3,BOX ELDER
48,3048,8.3,30.6,3.67,2.8,0,0,0,0,0,0,0,0,0,0,2.3,0.5,46238,0,0,0,3,BOX ELDER
49,3049,39.4,115.3,2.93,61.6,2.4,31.4,1.1,0.5,0.2,0.6,0.3,3,14.2,0,5.6,2.3,46238,0,0,0,3,BOX ELDER
50,3050,14,43.3,3.09,7.1,3,0,0,0,0,0,0,0,0,0,3.3,0.8,46238,0,0,0,3,BOX ELDER
51,3051,17.6,38.7,2.2,9.1,1,0,0,0,2.8,0,0,0,0,0,4.2,1,55022,0,0,0,3,BOX ELDER
52,3052,11.9,33.9,2.85,24.2,0.3,0.1,0.7,1.7,0.1,16.6,0.2,0.5,0,0,3.3,0.7,63578,0,0,0,3,BOX ELDER
53,3053,19.8,68.1,3.44,5.8,2,0,0.1,0,0,0,0,0.1,0,0,2.3,1.2,63578,0,0,0,3,BOX ELDER
54,3054,103.3,379.9,3.68,59.6,14.4,20.3,6.3,0.5,1.3,0.6,0.3,0.9,0,0,8.9,6,46238,0,0,0,3,BOX ELDER
55,3055,6.5,19.5,3.01,0.9,0,0,0,0,0,0,0,0,0,0,0.5,0.4,63578,0,0,0,3,BOX ELDER
56,3056,18.4,60.8,3.3,3,0,0,0,0,0,0,0,0,0,0,1.9,1.1,63578,0,0,0,3,BOX ELDER
57,3057,17.9,53.1,2.98,15.6,0,0,0,0,0,4.1,0,0,5.7,0,4.7,1,63578,0,0,0,3,BOX ELDER
58,3058,66.5,222.8,3.35,15.7,0,0,0.1,0,0,0,0,2.2,0,0,9.4,3.9,63578,0,0,0,3,BOX ELDER
59,3059,2.4,6.9,2.85,0.6,0,0,0,0,0,0,0,0,0,0,0.5,0.1,46238,0,0,0,3,BOX ELDER
60,3060,7.9,19.3,2.43,1.9,0,0,0,0,0,0,0,0,0,0,1.4,0.5,63578,0,0,0,3,BOX ELDER
61,3061,12.5,30.1,2.42,3,0,0,0,0,0,0,0,0,0,0,2.3,0.7,63578,0,0,0,3,BOX ELDER
62,3062,3.5,15.8,4.46,1.1,0,0,0,0,0,0,0,0,0,0,0.9,0.2,63578,0,0,0,3,BOX ELDER
63,3063,18.1,51.4,2.85,9.6,0.1,0,3.9,1.4,0,0.1,0,0.1,0,0,2.8,1.1,63578,0,0,0,3,BOX ELDER
64,3064,0,0,0,0,0,0,0,0,0,0,0,0,0,0,0,0,46238,0,0,0,3,BOX ELDER
65,3065,1.4,1.7,1.2,1,0,0,0,0,0,0,0,0,0,0,0.9,0.1,55022,0,0,0,3,BOX ELDER
66,3066,22.3,46.3,2.07,7,0,0,0.1,1.4,0,0.1,0,2.2,0,0,1.9,1.3,55022,0,0,0,3,BOX ELDER
67,3067,18.9,51.9,2.74,30.2,0.2,0.1,0.4,0.2,0.1,21.9,0.9,2.5,0,0,2.8,1.1,55022,0,0,0,3,BOX ELDER
68,3068,16.9,48.3,2.86,3.8,0,0,0,0,0,0,0,0,0,0,2.8,1,55022,0,0,0,3,BOX ELDER
69,3069,23.2,85,3.65,1.4,0,0,0,0,0,0,0,0,0,0,0,1.4,46238,0,0,0,3,BOX ELDER
70,3070,11.6,33.2,2.86,3,0,0,0,0,0,0,0,0,0,0,2.3,0.7,55022,0,0,0,3,BOX ELDER
71,3071,42.6,120.6,2.83,22.8,0,0,0,0,0,0,0,0,19.8,0,0.5,2.5,55022,0,0,0,3,BOX ELDER
72,3072,0,0,0,0,0,0,0,0,0,0,0,0,0,0,0,0,55022,0,0,0,3,BOX ELDER
73,3073,17.1,45.6,2.66,11.2,0.1,0,0.1,0.1,0,0.1,0,6.5,0,0,3.3,1,54957,0,0,0,3,BOX ELDER
74,3074,70.2,233.4,3.32,14.7,0,0,0,0,0,0,0,2.1,0,0,8.4,4.1,55022,0,0,0,3,BOX ELDER
75,3075,5.4,15.5,2.85,55.8,0.1,0.1,2.7,34,0.1,0.2,0.1,0.3,17,0,0.9,0.3,63578,0,0,0,3,BOX ELDER
76,3076,11.1,33.5,3.02,11.3,0,0,0,0,0,0,6.4,4.3,0,0,0,0.6,54373,0,0,0,3,BOX ELDER
77,3077,46.4,113.6,2.45,59.3,0.5,7.2,1.2,0.5,0.2,0.6,0.3,43.7,0,0,2.3,2.7,54373,0,0,0,3,BOX ELDER
78,3078,20.1,24.1,1.2,11.3,0,0,0,0,0,0,0,2.1,0,0,8,1.2,55022,0,0,0,3,BOX ELDER
79,3079,169.5,556.2,3.28,79.5,1.2,2.1,0.5,3,1.2,17.7,31.3,8.9,0,0,3.7,9.9,54376,0,0,0,3,BOX ELDER
80,3080,9.3,21.6,2.32,2.3,0,0,0,1.3,0,0,0,0,0,0,0.5,0.5,63578,0,0,0,3,BOX ELDER
81,3081,12.3,29.1,2.37,1.2,0,0,0,0,0,0,0,0,0,0,0.5,0.7,55022,0,0,0,3,BOX ELDER
82,3082,18.8,61.8,3.29,8.8,0,0,0.1,0,0,0.1,0,6.5,0,0,0.9,1.1,55022,0,0,0,3,BOX ELDER
83,3083,26.3,56.7,2.16,5.4,2,0,0,0,0,0,0,0,0,0,1.9,1.5,55022,0,0,0,3,BOX ELDER
84,3084,24.6,86.6,3.51,8.8,1.1,0.1,0.3,0.1,0.1,0.2,0.1,4.5,0,0,0.9,1.4,55022,0,0,0,3,BOX ELDER
85,3085,52.7,168.8,3.2,18,0,0,0,0,0,12.2,0,2.2,0,0,0.5,3.1,55022,0,0,0,3,BOX ELDER
86,3086,0,0,0,0,0,0,0,0,0,0,0,0,0,0,0,0,55022,0,0,0,3,BOX ELDER
87,3087,12.3,35.1,2.85,4.9,0,0,3.8,0,0,0,0,0,0,0,0.5,0.7,55022,0,0,0,3,BOX ELDER
88,3088,114.6,362.9,3.17,86,0,0,1.3,0,0,2.7,0,0,70.9,0,4.2,6.7,63578,439,0,0,3,BOX ELDER
89,3089,110.6,352.8,3.19,20.6,0,0,5,1.4,0.6,0.1,0.8,0.1,0,0,6.1,6.5,63578,0,0,0,3,BOX ELDER
90,3090,14.3,31.6,2.21,4.5,0,0,0,0,0,0,0,0,0,0,3.7,0.8,63578,0,0,0,3,BOX ELDER
91,3091,45,107.6,2.39,10.2,0,0,0,0,0.6,0,0,0,0,0,7,2.6,63578,0,0,0,3,BOX ELDER
92,3092,0,0,0,1008.4,0,0,0,1006.8,1.6,0,0,0,0,0,0,0,46112,0,0,0,3,BOX ELDER
93,3093,0,0,0,0,0,0,0,0,0,0,0,0,0,0,0,0,46112,0,0,0,3,BOX ELDER
94,3094,13.1,28.6,2.18,229.7,7.7,4.1,109,59,3.3,9.7,5.3,13.5,0,0,17.3,0.8,46112,0,0,0,3,BOX ELDER
95,3095,63.9,177.2,2.77,62,14,6.7,12.1,5,1.4,4.1,2.3,5.7,0,0,7,3.7,46112,0,0,0,3,BOX ELDER
96,3096,12.5,54.2,4.32,10.1,0,0,0,0,0,0,0,0,0,0,9.4,0.7,46112,0,0,0,3,BOX ELDER
97,3097,98.1,288.6,2.94,95.5,0.3,0.1,0.7,7.3,1.2,62.3,0.2,13.4,0,0,4.2,5.7,46112,239,0,0,3,BOX ELDER
98,3098,20.6,58,2.82,7.6,0.1,0,0.1,0.1,0,0.1,0,2.2,0,0,3.7,1.2,46112,0,0,0,3,BOX ELDER
99,3099,27.3,60.6,2.22,5,0.2,0.1,0.4,1.5,0.1,0.2,0.1,0.3,0,0,0.5,1.6,46112,0,0,0,3,BOX ELDER
100,3162,275.7,794.2,2.88,91.6,3.3,1.2,0.9,4.6,1.3,31.4,1.8,9.2,0,0,22,16.1,60376,0,0,0,3,BOX ELDER
101,3208,18.2,40,2.2,4.4,0.1,0,0.2,0.1,0,2.8,0,0.1,0,0,0,1.1,42202,11,0,0,3,BOX ELDER
102,3209,48.4,146.5,3.03,11.1,1,0,0.1,0.1,0,6.9,0,0.1,0,0,0,2.8,42202,30,2,3,3,BOX ELDER
103,3210,2,5.8,2.85,0.1,0,0,0,0,0,0,0,0,0,0,0,0.1,42202,0,0,0,3,BOX ELDER
104,3211,6.1,12.4,2.04,0.4,0,0,0,0,0,0,0,0,0,0,0,0.4,42202,0,0,0,3,BOX ELDER
105,3212,6,11.3,1.88,54.3,0,0,0,0,0,0,0,0,53.9,0,0,0.4,42202,0,0,0,3,BOX ELDER
106,3213,7.1,12.3,1.74,0.4,0,0,0,0,0,0,0,0,0,0,0,0.4,42202,0,0,0,3,BOX ELDER
107,3214,11.1,31.6,2.85,1.9,0,0,0,1.3,0,0,0,0,0,0,0,0.6,44384,0,0,0,3,BOX ELDER
108,3215,0,0,0,4,4,0,0,0,0,0,0,0,0,0,0,0,54204,0,0,0,3,BOX ELDER
109,3216,2,3.8,1.88,0.1,0,0,0,0,0,0,0,0,0,0,0,0.1,54204,0,0,0,3,BOX ELDER
110,3217,0,0,0,0,0,0,0,0,0,0,0,0,0,0,0,0,53540,0,0,0,3,BOX ELDER
111,3218,2,5.8,2.85,0.1,0,0,0,0,0,0,0,0,0,0,0,0.1,53540,0,0,0,3,BOX ELDER
112,3219,2,2.4,1.2,0.1,0,0,0,0,0,0,0,0,0,0,0,0.1,53540,0,0,0,3,BOX ELDER
113,3220,10.2,41.6,4.1,0.6,0,0,0,0,0,0,0,0,0,0,0,0.6,53540,0,0,0,3,BOX ELDER
114,3221,4.1,5.7,1.4,0.2,0,0,0,0,0,0,0,0,0,0,0,0.2,53540,0,0,0,3,BOX ELDER
115,3222,3,36,11.85,11.5,0,0,0,0,0,0,0,0,11.3,0,0,0.2,53540,0,0,0,3,BOX ELDER
116,3223,0,0,0,0,0,0,0,0,0,0,0,0,0,0,0,0,53540,0,0,0,3,BOX ELDER
117,3224,6.1,23.3,3.81,60.5,0.7,0.3,27.8,2.1,0.3,0.8,0.4,1.1,25.5,0,0.9,0.4,53540,0,0,0,3,BOX ELDER
118,3225,0,0,0,0,0,0,0,0,0,0,0,0,0,0,0,0,53540,0,0,0,3,BOX ELDER
119,3226,5.1,11.5,2.27,0.3,0,0,0,0,0,0,0,0,0,0,0,0.3,53540,0,0,0,3,BOX ELDER
120,3227,1,1.9,1.88,0.1,0,0,0,0,0,0,0,0,0,0,0,0.1,53540,0,0,0,3,BOX ELDER
121,3228,0,0,0,0,0,0,0,0,0,0,0,0,0,0,0,0,53540,0,0,0,3,BOX ELDER
122,3229,1.1,3.1,2.85,0.1,0,0,0,0,0,0,0,0,0,0,0,0.1,53540,0,0,0,3,BOX ELDER
123,3230,24.2,54.3,2.24,4.1,0,0,0,0,0,0,0,0,0,2.7,0,1.4,42202,0,0,0,3,BOX ELDER
124,3231,27.3,103,3.77,17.9,0,0,0,0,0,0,0,0,0,16.3,0,1.6,42202,0,0,0,3,BOX ELDER
125,3232,2,8.7,4.29,0.1,0,0,0,0,0,0,0,0,0,0,0,0.1,42202,0,0,0,3,BOX ELDER
126,3233,11.1,41.4,3.72,0.6,0,0,0,0,0,0,0,0,0,0,0,0.6,42202,0,0,0,3,BOX ELDER
127,3234,5.1,16.3,3.23,0.3,0,0,0,0,0,0,0,0,0,0,0,0.3,46112,0,0,0,3,BOX ELDER
128,3235,0,0,0,0,0,0,0,0,0,0,0,0,0,0,0,0,42202,0,0,0,3,BOX ELDER
129,3236,0,0,0,0,0,0,0,0,0,0,0,0,0,0,0,0,42202,0,0,0,3,BOX ELDER
130,3237,2,3.8,1.88,0.1,0,0,0,0,0,0,0,0,0,0,0,0.1,54204,0,0,0,3,BOX ELDER
131,3238,2,4.8,2.36,0.1,0,0,0,0,0,0,0,0,0,0,0,0.1,54204,0,0,0,3,BOX ELDER
132,3239,0,0,0,0,0,0,0,0,0,0,0,0,0,0,0,0,54204,0,0,0,3,BOX ELDER
133,3240,0,0,0,0,0,0,0,0,0,0,0,0,0,0,0,0,53540,0,0,0,3,BOX ELDER
134,3241,0,0,0,0,0,0,0,0,0,0,0,0,0,0,0,0,53540,0,0,0,3,BOX ELDER
135,3242,0,0,0,0,0,0,0,0,0,0,0,0,0,0,0,0,53540,0,0,0,3,BOX ELDER
136,3243,0,0,0,364.1,1.1,0.6,290.3,65.9,0.5,1.4,0.8,2,0,0,1.4,0,53540,0,0,0,3,BOX ELDER
137,3244,0,0,0,0,0,0,0,0,0,0,0,0,0,0,0,0,53540,0,0,0,3,BOX ELDER
138,3245,0,0,0,0,0,0,0,0,0,0,0,0,0,0,0,0,53540,0,0,0,3,BOX ELDER
139,3246,8.2,25.2,3.09,22,10.5,0,0.1,10.9,0,0,0,0.1,0,0,0,0.5,53540,0,0,0,3,BOX ELDER
140,3247,0,0,0,0,0,0,0,0,0,0,0,0,0,0,0,0,53540,0,0,0,3,BOX ELDER
141,3248,0,0,0,0,0,0,0,0,0,0,0,0,0,0,0,0,53540,0,0,0,3,BOX ELDER
142,3249,0,0,0,0,0,0,0,0,0,0,0,0,0,0,0,0,53540,0,0,0,3,BOX ELDER
143,3250,0,0,0,0,0,0,0,0,0,0,0,0,0,0,0,0,53540,0,0,0,3,BOX ELDER
144,3251,2.1,6.9,3.33,0.1,0,0,0,0,0,0,0,0,0,0,0,0.1,53540,0,0,0,3,BOX ELDER
145,3252,4.1,5.8,1.4,0.2,0,0,0,0,0,0,0,0,0,0,0,0.2,53540,0,0,0,3,BOX ELDER
146,3253,0,0,0,0,0,0,0,0,0,0,0,0,0,0,0,0,53540,0,0,0,3,BOX ELDER
147,3254,0,0,0,0,0,0,0,0,0,0,0,0,0,0,0,0,53540,0,0,0,3,BOX ELDER
148,3255,0,0,0,0,0,0,0,0,0,0,0,0,0,0,0,0,53540,0,0,0,3,BOX ELDER
149,3256,0,0,0,0,0,0,0,0,0,0,0,0,0,0,0,0,53540,0,0,0,3,BOX ELDER
150,3257,0,0,0,0,0,0,0,0,0,0,0,0,0,0,0,0,53540,0,0,0,3,BOX ELDER
151,3258,0,0,0,0,0,0,0,0,0,0,0,0,0,0,0,0,53540,0,0,0,3,BOX ELDER
152,3259,0,0,0,0,0,0,0,0,0,0,0,0,0,0,0,0,53540,0,0,0,3,BOX ELDER
153,3260,0,0,0,0,0,0,0,0,0,0,0,0,0,0,0,0,53540,0,0,0,3,BOX ELDER
154,3261,27.3,97.2,3.56,1.6,0,0,0,0,0,0,0,0,0,0,0,1.6,53540,0,0,0,3,BOX ELDER
155,3262,0,0,0,0,0,0,0,0,0,0,0,0,0,0,0,0,53540,0,0,0,3,BOX ELDER
156,3263,8.2,20.3,2.48,0.5,0,0,0,0,0,0,0,0,0,0,0,0.5,53540,0,0,0,3,BOX ELDER
157,3264,22.3,59.5,2.67,1.3,0,0,0,0,0,0,0,0,0,0,0,1.3,53540,0,0,0,3,BOX ELDER
158,3265,0,0,0,0,0,0,0,0,0,0,0,0,0,0,0,0,53540,0,0,0,3,BOX ELDER
159,3266,0,0,0,0,0,0,0,0,0,0,0,0,0,0,0,0,53540,0,0,0,3,BOX ELDER
160,3267,12.2,44.4,3.65,12,0,0,0,0,0,0,0,0,11.3,0,0,0.7,53540,0,0,0,3,BOX ELDER
161,3268,29.3,103,3.51,5.1,0,0,0,1.4,0,0,0,2.1,0,0,0,1.7,56865,0,0,0,3,BOX ELDER
162,3269,8.1,32,3.93,0.5,0,0,0,0,0,0,0,0,0,0,0,0.5,56865,0,0,0,3,BOX ELDER
163,3270,22.7,71,3.12,12.5,0,0,0,0,0,0,0,0,0,0,11.2,1.3,56865,0,0,0,3,BOX ELDER
164,3271,15.2,34.4,2.27,29.3,0,0,0,0,0,0,0,0,28.4,0,0,0.9,56865,0,0,0,3,BOX ELDER
165,3272,1.1,4.2,3.81,0.1,0,0,0,0,0,0,0,0,0,0,0,0.1,56865,0,0,0,3,BOX ELDER
166,3273,1.1,5.2,4.78,0.1,0,0,0,0,0,0,0,0,0,0,0,0.1,56865,0,0,0,3,BOX ELDER
167,3274,5.1,13.6,2.65,0.3,0,0,0,0,0,0,0,0,0,0,0,0.3,56865,0,0,0,3,BOX ELDER
168,3275,47.4,141.5,2.98,4.9,0,0,0,0,0,0,0,2.1,0,0,0,2.8,56865,0,0,0,3,BOX ELDER
169,3276,0,0,0,0,0,0,0,0,0,0,0,0,0,0,0,0,54204,0,0,0,3,BOX ELDER
170,3277,12.1,36.5,3.01,0.7,0,0,0,0,0,0,0,0,0,0,0,0.7,54204,0,0,0,3,BOX ELDER
171,3278,23.2,85.8,3.7,156.6,0.7,0.4,1.7,10.3,0.3,4.8,0.5,30.7,104.9,0,0.9,1.4,54204,0,0,0,3,BOX ELDER
172,3279,0,0,0,0,0,0,0,0,0,0,0,0,0,0,0,0,53540,0,0,0,3,BOX ELDER
173,3280,0,0,0,0,0,0,0,0,0,0,0,0,0,0,0,0,53540,0,0,0,3,BOX ELDER
174,3281,33.4,96.9,2.9,10,0,0,0,0,0.6,5.4,0,2.2,0,0,0,1.9,53540,0,0,0,3,BOX ELDER
175,3282,25.3,73.9,2.92,38.7,0.1,0.1,0.3,0.1,0.1,0.2,0.1,4.5,31.2,0,0.5,1.5,56865,0,0,0,3,BOX ELDER
176,3283,28.3,87.4,3.09,17.7,0.1,0,0.1,1.4,0,0.1,0,0.1,14.2,0,0,1.7,56865,0,0,0,3,BOX ELDER
177,3284,21.2,58.5,2.75,2.2,1,0,0,0,0,0,0,0,0,0,0,1.2,56865,0,0,0,3,BOX ELDER
178,3285,13.2,39.4,2.99,2.1,0,0,0,1.3,0,0,0,0,0,0,0,0.8,56865,0,0,0,3,BOX ELDER
179,3286,8.1,19.2,2.36,1.6,0,0,0,0,1.1,0,0,0,0,0,0,0.5,56865,0,0,0,3,BOX ELDER
180,3287,11.2,36.7,3.28,0.7,0,0,0,0,0,0,0,0,0,0,0,0.7,56865,0,0,0,3,BOX ELDER
181,3288,0,0,0,0,0,0,0,0,0,0,0,0,0,0,0,0,56865,0,0,0,3,BOX ELDER
182,3289,0,0,0,0,0,0,0,0,0,0,0,0,0,0,0,0,56865,0,0,0,3,BOX ELDER
183,3290,28.4,56.3,1.98,17.3,0,1,0,8.1,0.5,1.3,0,4.2,0,0,0.5,1.7,56865,0,0,0,3,BOX ELDER
184,3291,58.6,158.1,2.7,9.7,1,0,0,2.7,0,0,0,2.1,0,0,0.5,3.4,56865,0,0,0,3,BOX ELDER
185,3292,30.4,78.7,2.59,4.8,2,0,0.2,0.1,0,0.1,0,0.1,0,0,0.5,1.8,56865,0,0,0,3,BOX ELDER
186,3293,2.1,4,1.88,4.4,0,0,0,0,0,0,0,4.3,0,0,0,0.1,56865,0,0,0,3,BOX ELDER
187,3294,3.1,20.9,6.7,0.2,0,0,0,0,0,0,0,0,0,0,0,0.2,56865,0,0,0,3,BOX ELDER
188,3295,6.1,18.4,3.01,0.4,0,0,0,0,0,0,0,0,0,0,0,0.4,56865,0,0,0,3,BOX ELDER
189,3296,3.1,5.9,1.88,0.2,0,0,0,0,0,0,0,0,0,0,0,0.2,48265,0,0,0,3,BOX ELDER
190,3297,17.2,50.9,2.96,12.7,0.2,0.1,6.6,1.6,0.1,0.2,0.1,2.4,0,0,0.5,1,48265,0,0,0,3,BOX ELDER
191,3298,18.2,40.1,2.2,21.3,19.9,0,0.1,0,0,0,0,0.1,0,0,0,1.1,48265,0,0,0,3,BOX ELDER
192,3299,38.4,104.7,2.73,11.6,2.9,0,0,0,0,0,0,6.5,0,0,0,2.2,48265,0,0,0,3,BOX ELDER
193,3300,25.3,52.4,2.07,14.8,0,1,0,0,0.6,0,0,0,0,0,11.7,1.5,48265,0,0,0,3,BOX ELDER
194,3301,3.2,6.1,1.88,0.7,0,0,0,0,0,0,0,0,0,0,0.5,0.2,48265,0,0,0,3,BOX ELDER
195,3302,18.2,58.5,3.22,5.7,1,0,0.1,1.4,0,0,0,2.1,0,0,0,1.1,55022,0,0,0,3,BOX ELDER
196,3303,17.3,43.3,2.51,4.2,0,0,0.1,1.4,1.1,0,0,0.1,0,0,0.5,1,48265,0,0,0,3,BOX ELDER
197,3304,55.5,168.7,3.04,8.6,0,0,0.1,2.7,0,0,0,2.1,0,0,0.5,3.2,48265,0,0,0,3,BOX ELDER
198,3305,16.3,52.2,3.21,2.5,1,0,0,0,0,0,0,0,0,0,0.5,1,48265,0,0,0,3,BOX ELDER
199,3306,46.5,135.4,2.91,3.2,0,0,0,0,0,0,0,0,0,0,0.5,2.7,48265,0,0,0,3,BOX ELDER
200,3307,5,6,1.2,2.4,0,0,0,0,0,0,0,2.1,0,0,0,0.3,48265,0,0,0,3,BOX ELDER
201,3308,4.1,12.7,3.09,0.2,0,0,0,0,0,0,0,0,0,0,0,0.2,48265,0,0,0,3,BOX ELDER
202,3309,32.4,98.9,3.06,112.8,7.6,1,41.3,44.1,1.4,2.4,1.3,9.6,0,0,2.3,1.9,54389,0,0,0,3,BOX ELDER
203,3310,10.1,35.6,3.52,0.6,0,0,0,0,0,0,0,0,0,0,0,0.6,53540,0,0,0,3,BOX ELDER
204,3311,2,3.9,1.88,0.1,0,0,0,0,0,0,0,0,0,0,0,0.1,53540,0,0,0,3,BOX ELDER
205,3312,33.5,102.2,3.05,4.3,0.1,0,0.1,1.4,0,0.1,0,0.1,0,0,0.5,2,52913,0,0,0,3,BOX ELDER
206,3313,17.4,49.6,2.85,12.9,0,0,4.8,6.7,0,0,0,0,0,0,0.5,1,52913,0,0,0,3,BOX ELDER
207,3314,9.4,32.7,3.49,1,0,0,0,0,0,0,0,0,0,0,0.5,0.5,48265,0,0,0,3,BOX ELDER
208,3315,5,6,1.2,0.3,0,0,0,0,0,0,0,0,0,0,0,0.3,48265,0,0,0,3,BOX ELDER
209,3316,11.2,36.7,3.28,0.7,0,0,0,0,0,0,0,0,0,0,0,0.7,48265,0,0,0,3,BOX ELDER
210,3317,18.2,47.9,2.63,20,0.3,0.1,1.9,11,0.1,0.3,0.2,4.6,0,0,0.5,1.1,53540,0,0,0,3,BOX ELDER
211,3318,15.2,45.2,2.97,0.9,0,0,0,0,0,0,0,0,0,0,0,0.9,48265,0,0,0,3,BOX ELDER
212,3319,5,6,1.2,0.3,0,0,0,0,0,0,0,0,0,0,0,0.3,48265,0,0,0,3,BOX ELDER
213,3320,2.1,5,2.36,0.1,0,0,0,0,0,0,0,0,0,0,0,0.1,48265,0,0,0,3,BOX ELDER
214,3321,75.6,214.1,2.83,31,0.7,0.4,13,2.2,0.3,0.9,0.5,7.7,0,0,0.9,4.4,51161,0,0,0,3,BOX ELDER
215,3322,6,7.2,1.2,0.4,0,0,0,0,0,0,0,0,0,0,0,0.4,55022,0,0,0,3,BOX ELDER
216,3323,21.2,64.4,3.03,1.2,0,0,0,0,0,0,0,0,0,0,0,1.2,48265,0,0,0,3,BOX ELDER
217,3324,0,0,0,0,0,0,0,0,0,0,0,0,0,0,0,0,48265,0,0,0,3,BOX ELDER
218,3325,53.2,138,2.6,18.1,0,0,3.6,8,0,0,0,2.1,0,0,1.4,3.1,54181,0,0,0,3,BOX ELDER
219,3326,45.3,155.9,3.44,8.9,0.1,2,0.3,1.5,0.1,0.1,0.1,0.2,0,0,1.9,2.6,54181,0,0,0,3,BOX ELDER
220,3327,2,4.8,2.36,0.1,0,0,0,0,0,0,0,0,0,0,0,0.1,42202,0,0,0,3,BOX ELDER
221,3328,4,4.8,1.2,0.2,0,0,0,0,0,0,0,0,0,0,0,0.2,42202,0,0,0,3,BOX ELDER
222,3329,13.1,27.6,2.1,25,0.1,0.1,0.3,4.2,0,0.1,0.1,19.2,0,0,0,0.8,42202,0,0,0,3,BOX ELDER
223,3330,5.1,6.6,1.3,4.2,0,0,0,3.9,0,0,0,0,0,0,0,0.3,54204,0,0,0,3,BOX ELDER
224,3331,0,0,0,1017.3,5.9,0,919.8,0,0,78,0.8,12.9,0,0,0,0,54204,0,0,0,3,BOX ELDER
225,3332,1,1.9,1.88,404.2,0,0,401.3,0,0,0,0,0,2.8,0,0,0.1,54204,0,0,0,3,BOX ELDER
226,3333,166.1,583.4,3.51,86.1,0,0,68.4,5.5,1.1,0,0,0,0,0,1.4,9.7,54204,0,0,0,3,BOX ELDER
227,3334,32.4,126.6,3.9,20.2,0,0,9.9,1.4,4.4,0,0,2.1,0,0,0.5,1.9,54181,0,0,0,3,BOX ELDER
228,3335,14.8,49.2,3.33,1.8,0,0,0,0,0,0,0,0,0,0,0.9,0.9,54181,0,0,0,3,BOX ELDER
229,3336,19.7,73.6,3.74,4.5,0,0,0.1,0,0,0,0,2.2,0,0,0.9,1.1,54181,0,0,0,3,BOX ELDER
230,3337,11.3,29.3,2.58,1.2,0,0,0,0,0,0,0,0,0,0,0.5,0.7,54181,0,0,0,3,BOX ELDER
231,3338,79.3,238.1,3,41.4,0,0,0,30.1,0,0,3.8,2,0,0,0.9,4.6,54181,0,0,0,3,BOX ELDER
232,3339,10,12,1.2,0.6,0,0,0,0,0,0,0,0,0,0,0,0.6,54181,0,0,0,3,BOX ELDER
233,3340,7.2,24.4,3.4,0.4,0,0,0,0,0,0,0,0,0,0,0,0.4,54181,0,0,0,3,BOX ELDER
234,3341,13.1,46.2,3.51,1.8,1,0,0,0,0,0,0,0,0,0,0,0.8,54181,0,0,0,3,BOX ELDER
235,3342,44.3,126.2,2.85,12.8,0,0,0.1,0,0,0,0,4.3,5.7,0,0,2.6,54181,0,0,0,3,BOX ELDER
236,3343,29.3,92.1,3.15,1.7,0,0,0,0,0,0,0,0,0,0,0,1.7,54181,0,0,0,3,BOX ELDER
237,3344,0,0,0,0,0,0,0,0,0,0,0,0,0,0,0,0,54181,0,0,0,3,BOX ELDER
238,3345,5,6,1.2,73.9,0.3,0.2,0.8,4.5,0.1,0.4,0.2,66.6,0,0,0.5,0.3,54181,0,0,0,3,BOX ELDER
239,3346,15.2,44.1,2.91,13.3,0,0,0,4.1,0,0,0,8.4,0,0,0,0.9,54181,0,0,0,3,BOX ELDER
240,3347,10.2,30.9,3.04,4.9,0,0,0,0,0,0,0,4.3,0,0,0,0.6,63578,0,0,0,3,BOX ELDER
241,3348,12.3,35,2.85,1.2,0,0,0,0,0,0,0,0,0,0,0.5,0.7,63578,0,0,0,3,BOX ELDER
242,3349,9.1,20,2.2,0.5,0,0,0,0,0,0,0,0,0,0,0,0.5,54181,0,0,0,3,BOX ELDER
243,3350,5.2,15.9,3.04,0.8,0,0,0,0,0,0,0,0,0,0,0.5,0.3,54181,0,0,0,3,BOX ELDER
244,3351,0,0,0,0,0,0,0,0,0,0,0,0,0,0,0,0,55022,0,0,0,3,BOX ELDER
245,3352,5.1,20.2,4,1.9,0,0,0.1,1.3,0,0,0,0.1,0,0,0,0.3,54181,0,0,0,3,BOX ELDER
246,3353,1,1.9,1.88,0.1,0,0,0,0,0,0,0,0,0,0,0,0.1,54181,0,0,0,3,BOX ELDER
247,3354,7.1,18.2,2.57,64.8,0.3,0.2,0.7,13.4,0.1,0.4,0.2,0.5,48.2,0,0.5,0.4,54181,0,0,0,3,BOX ELDER
248,3355,9.1,24,2.63,0.5,0,0,0,0,0,0,0,0,0,0,0,0.5,63578,0,0,0,3,BOX ELDER
249,3356,6.1,17.3,2.85,0.4,0,0,0,0,0,0,0,0,0,0,0,0.4,63578,0,0,0,3,BOX ELDER
250,3357,7.2,23.4,3.26,0.4,0,0,0,0,0,0,0,0,0,0,0,0.4,63578,0,0,0,3,BOX ELDER
251,3358,16.4,59.3,3.63,3.6,0,0,0,0,0,0,0,2.1,0,0,0.5,1,63578,0,0,0,3,BOX ELDER
252,3359,0,0,0,0,0,0,0,0,0,0,0,0,0,0,0,0,55022,0,0,0,3,BOX ELDER
253,3360,6,14.3,2.36,0.4,0,0,0,0,0,0,0,0,0,0,0,0.4,55022,0,0,0,3,BOX ELDER
254,3361,4,10.5,2.6,0.2,0,0,0,0,0,0,0,0,0,0,0,0.2,54181,0,0,0,3,BOX ELDER
255,3362,6.1,15.3,2.52,2.2,0.1,0,0.1,1.4,0,0.1,0,0.1,0,0,0,0.4,54181,0,0,0,3,BOX ELDER
256,3363,3.1,4.8,1.56,0.2,0,0,0,0,0,0,0,0,0,0,0,0.2,63578,0,0,0,3,BOX ELDER
257,3364,0,0,0,202.2,8.3,3.4,132.7,22.2,3.8,8,4.4,11.1,0,0,8.4,0,46112,0,0,0,3,BOX ELDER
258,3365,3.1,5.9,1.88,0.2,0,0,0,0,0,0,0,0,0,0,0,0.2,63578,0,0,0,3,BOX ELDER
259,3366,4.1,11.7,2.85,0.2,0,0,0,0,0,0,0,0,0,0,0,0.2,63578,0,0,0,3,BOX ELDER
260,3367,2.1,6,2.85,0.1,0,0,0,0,0,0,0,0,0,0,0,0.1,63578,0,0,0,3,BOX ELDER
261,3368,3.1,8.9,2.85,0.2,0,0,0,0,0,0,0,0,0,0,0,0.2,63578,0,0,0,3,BOX ELDER
262,3369,4.1,8.7,2.12,0.2,0,0,0,0,0,0,0,0,0,0,0,0.2,63578,0,0,0,3,BOX ELDER
263,3370,0,0,0,0,0,0,0,0,0,0,0,0,0,0,0,0,63578,0,0,0,3,BOX ELDER
264,3371,51.5,145.4,2.82,20.3,0.2,0.1,0.4,2.9,0.1,0.2,0.1,13,0,0,0.5,3,62059,0,0,0,3,BOX ELDER
265,3376,1,4.8,4.78,19.5,0.6,0.3,1.5,0.7,0.3,0.8,0.4,13.9,0,0,0.9,0.1,54181,0,0,0,3,BOX ELDER
266,3377,0,0,0,0,0,0,0,0,0,0,0,0,0,0,0,0,54181,0,0,0,3,BOX ELDER
267,3378,6.1,26.1,4.29,0.4,0,0,0,0,0,0,0,0,0,0,0,0.4,54181,0,0,0,3,BOX ELDER
268,3379,7.1,25,3.54,0.4,0,0,0,0,0,0,0,0,0,0,0,0.4,46112,0,0,0,3,BOX ELDER
269,3380,2.1,5,2.36,0.1,0,0,0,0,0,0,0,0,0,0,0,0.1,46112,0,0,0,3,BOX ELDER
270,3381,3,5.7,1.88,3.1,0,0,0.1,2.6,0,0,0,0.1,0,0,0,0.2,54181,0,0,0,3,BOX ELDER
271,3382,5.1,9.6,1.88,0.3,0,0,0,0,0,0,0,0,0,0,0,0.3,54181,0,0,0,3,BOX ELDER
272,3383,4.1,18.7,4.53,0.2,0,0,0,0,0,0,0,0,0,0,0,0.2,46112,0,0,0,3,BOX ELDER
273,3384,4.1,12.8,3.09,0.2,0,0,0,0,0,0,0,0,0,0,0,0.2,46112,0,0,0,3,BOX ELDER
274,3385,4.2,10.8,2.6,0.2,0,0,0,0,0,0,0,0,0,0,0,0.2,46112,0,0,0,3,BOX ELDER
275,3386,58.6,197.1,3.36,3.9,0,0,0,0,0,0,0,0,0,0,0.5,3.4,46112,0,0,0,3,BOX ELDER
276,3394,13.1,24.6,1.88,0.8,0,0,0,0,0,0,0,0,0,0,0,0.8,54181,0,0,0,3,BOX ELDER
277,3395,75.6,232,3.07,6.3,0,0,0,0,0,0,0,0,0,0,1.9,4.4,68477,0,0,0,3,BOX ELDER
278,3396,0,0,0,0,0,0,0,0,0,0,0,0,0,0,0,0,54181,0,0,0,3,BOX ELDER
279,3397,14.1,29.5,2.09,37.7,0,0,0,0,0,0,0,0,36.9,0,0,0.8,54181,0,0,0,3,BOX ELDER
280,3398,12.1,34.5,2.85,1.5,0,0,0,0,0,0,0.8,0,0,0,0,0.7,54181,0,0,0,3,BOX ELDER
281,3399,20.2,70.3,3.47,36.1,0.1,0,0.2,1.4,1.1,0.1,0.1,0.2,31.2,0,0.5,1.2,46112,0,0,0,3,BOX ELDER
282,3400,1.1,1.3,1.2,0.1,0,0,0,0,0,0,0,0,0,0,0,0.1,46112,0,0,0,3,BOX ELDER
283,3401,0,0,0,0,0,0,0,0,0,0,0,0,0,0,0,0,54181,0,0,0,3,BOX ELDER
284,3402,7.1,26.1,3.67,12.3,0.1,0.1,0.3,0.1,0.1,0.2,0.1,10.9,0,0,0,0.4,54181,0,0,0,3,BOX ELDER
285,3403,18.2,51.8,2.85,1.1,0,0,0,0,0,0,0,0,0,0,0,1.1,46112,0,0,0,3,BOX ELDER
286,3404,10.2,23,2.27,82.8,0,0,0,0,0,0,0,0,82.2,0,0,0.6,46112,0,0,0,3,BOX ELDER
287,3405,3.1,9.9,3.17,0.2,0,0,0,0,0,0,0,0,0,0,0,0.2,46112,0,0,0,3,BOX ELDER
288,3406,0,0,0,0,0,0,0,0,0,0,0,0,0,0,0,0,46112,0,0,0,3,BOX ELDER
289,3407,27.3,71.3,2.61,131.3,0.3,0.2,0.7,5.7,0.1,0.4,0.2,2.6,119.1,0,0.5,1.6,54181,0,0,0,3,BOX ELDER
290,3408,12.2,47.3,3.89,3.3,0,0,0,2.6,0,0,0,0,0,0,0,0.7,46112,0,0,0,3,BOX ELDER
291,3409,23.2,95.8,4.13,3.8,0,0,0.1,0,0,0,0,2.2,0,0,0,1.4,46112,0,0,0,3,BOX ELDER
292,3410,0,0,0,0,0,0,0,0,0,0,0,0,0,0,0,0,46112,0,0,0,3,BOX ELDER
293,3412,0,0,0,0,0,0,0,0,0,0,0,0,0,0,0,0,58870,0,0,0,3,BOX ELDER
294,3416,0,0,0,0,0,0,0,0,0,0,0,0,0,0,0,0,68477,0,0,0,3,BOX ELDER
295,3417,12.1,34.3,2.85,43.9,10.4,0.3,10.2,0.6,0.2,0.7,8.4,11.8,0,0,0.5,0.7,60000,0,0,0,3,BOX ELDER
296,3418,0,0,0,0,0,0,0,0,0,0,0,0,0,0,0,0,75963,0,0,0,3,BOX ELDER
297,3419,0,0,0,0,0,0,0,0,0,0,0,0,0,0,0,0,54181,0,0,0,3,BOX ELDER
298,3420,0,0,0,0,0,0,0,0,0,0,0,0,0,0,0,0,58870,0,0,0,3,BOX ELDER
299,3422,0,0,0,0,0,0,0,0,0,0,0,0,0,0,0,0,53211,0,0,0,3,BOX ELDER
300,3423,0,0,0,0,0,0,0,0,0,0,0,0,0,0,0,0,42202,0,0,0,3,BOX ELDER
301,3424,0,0,0,0,0,0,0,0,0,0,0,0,0,0,0,0,42202,0,0,0,3,BOX ELDER
302,3437,0,0,0,8.6,0,0,0,0,0,0,0,8.6,0,0,0,0,42202,0,0,0,3,BOX ELDER
1,30001,1.1,2.1,1.88,0.1,0,0,0,0,0,0,0,0,0,0,0,0.1,46112,0,0,0,3,BOX ELDER
2,30002,15.2,46.1,3.04,4.5,0.9,0,0,2.6,0,0,0,0,0,0,0,0.9,46112,0,0,0,3,BOX ELDER
3,30003,5.1,12.6,2.46,2.9,0,0,0,2.6,0,0,0,0,0,0,0,0.3,46112,0,0,0,3,BOX ELDER
4,30004,21,39.6,1.88,87.2,1.4,0.2,1.2,16.4,0.2,0.6,0.3,2.8,62.4,0,0.5,1.2,46112,0,0,0,3,BOX ELDER
5,30005,30.5,78.8,2.59,71.3,0.2,0.1,0.5,67.5,0.1,0.2,0.1,0.3,0,0,0.5,1.8,46112,0,0,0,3,BOX ELDER
6,30006,15.1,42.9,2.85,44.8,0.9,0,0.1,42.8,0,0,0,0,0,0,0,0.9,46112,0,0,0,3,BOX ELDER
7,30007,0,0,0,180.5,5,2.7,71.1,58.4,2.1,6.3,3.4,10.8,14.2,0,6.6,0,55022,0,0,0,3,BOX ELDER
8,30008,0,0,0,0,0,0,0,0,0,0,0,0,0,0,0,0,55022,0,0,0,3,BOX ELDER
9,30009,12.1,48.2,3.97,0.7,0,0,0,0,0,0,0,0,0,0,0,0.7,55022,0,0,0,3,BOX ELDER
10,30010,55.7,163.9,2.94,14.6,2,0,0.2,0.1,0,0.1,1.7,6.6,0,0,0.5,3.3,57798,0,0,0,3,BOX ELDER
11,30011,37.5,120.3,3.21,9.4,0.1,0.1,0.4,1.5,3.3,0.2,0.9,0.2,0,0,0.5,2.2,57798,0,0,0,3,BOX ELDER
12,30012,6.1,11.5,1.88,55.2,3.7,0,2.4,30.4,0,0,0,6.1,0,0,12.2,0.4,57798,0,0,0,3,BOX ELDER
13,30013,159,512,3.22,89,4.8,3.5,2.2,2.3,0.4,33.6,0.6,1.5,0,0,30.9,9.3,57798,0,0,0,3,BOX ELDER
14,30014,6.1,12.5,2.04,0.4,0,0,0,0,0,0,0,0,0,0,0,0.4,54617,0,0,0,3,BOX ELDER
15,30015,6.5,14.3,2.21,5.5,0,0,0,0,0,0,0,0,0,0,5.1,0.4,58870,0,0,0,3,BOX ELDER
16,30016,17,65,3.82,5.1,0,0,0,1.3,0,0,0,0,0,0,2.8,1,58870,0,0,0,3,BOX ELDER
17,30017,0,0,0,0,0,0,0,0,0,0,0,0,0,0,0,0,58870,0,0,0,3,BOX ELDER
18,30018,7.6,21.6,2.85,3.7,0,0,0,0,0,0,0,0,0,0,3.3,0.4,58870,0,0,0,3,BOX ELDER
19,30019,0,0,0,8.2,0,0,0,0,0,8.2,0,0,0,0,0,0,58870,0,0,0,3,BOX ELDER
20,30020,0,0,0,94.1,22.8,35.9,5.5,13.6,0.9,6.8,1.5,3.8,0,0,3.3,0,58870,0,0,0,3,BOX ELDER
21,30021,0,0,0,0,0,0,0,0,0,0,0,0,0,0,0,0,58870,0,0,0,3,BOX ELDER
22,30022,0,0,0,0,0,0,0,0,0,0,0,0,0,0,0,0,58870,0,0,0,3,BOX ELDER
23,30023,0,0,0,9.2,0,0,0,0,0,2.7,0,6.5,0,0,0,0,53211,0,0,0,3,BOX ELDER
24,30024,0,0,0,0,0,0,0,0,0,0,0,0,0,0,0,0,53211,0,0,0,3,BOX ELDER
25,30025,0,0,0,683.7,9.4,5,539.6,78,4,11.9,6.5,18.6,0,0,10.8,0,58870,0,0,0,3,BOX ELDER
26,30026,0,0,0,0,0,0,0,0,0,0,0,0,0,0,0,0,58870,0,0,0,3,BOX ELDER
27,30027,0,0,0,0,0,0,0,0,0,0,0,0,0,0,0,0,58870,0,0,0,3,BOX ELDER
28,30028,6.1,11.5,1.88,23.3,0.6,0.3,1.5,0.7,0.3,0.8,0.4,5.3,0,0,13.1,0.4,58870,0,0,0,3,BOX ELDER
29,30029,6.1,11.5,1.88,287.8,6.3,3.4,195.9,31.8,2.7,8,4.4,15.3,0,0,19.7,0.4,57798,0,0,0,3,BOX ELDER
30,30030,12.2,23,1.88,118.1,11.7,2.1,41.1,15.4,1.7,5.1,2.8,7,0,0,30.4,0.7,57798,0,0,0,3,BOX ELDER
31,30031,20.4,51.5,2.53,140.1,13.2,2.4,45,7.7,1.9,5.6,3.1,10,0,0,50.1,1.2,58870,0,0,0,3,BOX ELDER
32,30032,1.5,2.9,1.88,2234.2,0,0,1484,0,698.3,45.4,1.6,4.3,0,0,0.5,0.1,58870,0,0,0,3,BOX ELDER
33,30033,119.3,492.6,4.13,47.2,0.7,0.4,1.7,0.7,0.3,3.5,1.3,5.5,0,0,26.2,7,57798,0,0,0,3,BOX ELDER
34,30034,295.6,860.5,2.91,206.3,2.6,0.4,1.7,20.2,0.3,96,31.6,26.9,0,0,9.4,17.3,47905,462,0,0,3,BOX ELDER
35,30035,166.8,516.5,3.1,37.4,0.1,0,0.2,0.1,0,0.1,0.1,2.3,0,0,24.8,9.7,58870,0,0,0,3,BOX ELDER
36,30036,316.4,811.1,2.56,76.9,3,0,1.3,2.8,6.7,1.4,17.5,25.6,0,0,0,18.5,32172,0,0,21,3,BOX ELDER
37,30037,63.6,200.7,3.15,140.9,7,1.1,5.3,2.3,1.4,2.6,2.2,102.1,0,0,13.1,3.7,57626,0,0,0,3,BOX ELDER
38,30038,338.6,870.6,2.57,248.1,21.2,8.3,1.7,16.1,21.6,58.5,26,74,0,0,0.9,19.8,40255,0,0,0,3,BOX ELDER
39,30039,108.5,262.4,2.42,211.4,57.2,1.6,7.5,30.8,7.4,3.8,2.8,28.5,0,0,65.5,6.3,68477,0,0,0,3,BOX ELDER
40,30040,175.6,393.6,2.24,207.9,18,0.2,0.9,6,0.2,44.8,60.3,56.4,0,0,10.8,10.3,40901,469,0,0,3,BOX ELDER
41,30041,137,422,3.08,15.9,0,0,0.1,1.4,0,0,0,6.4,0,0,0,8,42920,0,0,0,3,BOX ELDER
42,30042,199.1,553.8,2.78,173.9,2.9,15.8,85.1,0,3.4,0,0,49.4,0,0,5.6,11.6,33991,0,0,0,3,BOX ELDER
43,30043,165.2,460.1,2.79,18.1,0.1,0.1,0.3,5.5,0.1,0.2,0.1,2.3,0,0,0,9.6,33659,0,0,0,3,BOX ELDER
44,30044,115.8,297.7,2.57,333,131.6,5.4,25.5,13.8,8.8,12.7,23,92.8,0,0,12.6,6.8,30165,0,0,0,3,BOX ELDER
45,30045,63.5,188.3,2.97,13.5,1.2,0.1,1.7,0.2,0.1,0.2,1.7,4.6,0,0,0,3.7,30165,0,0,0,3,BOX ELDER
46,30046,196.3,543.1,2.77,784.1,85.7,22.5,16.7,13.9,25.3,282.1,47.4,277.7,0,0,1.4,11.5,43652,0,0,0,3,BOX ELDER
47,30047,168.2,452.7,2.69,153.2,1.5,0.3,1.4,0.6,0.8,132.6,0.4,5.3,0,0,0.5,9.8,43652,509,173,263,3,BOX ELDER
48,30048,96.7,306.5,3.17,7.3,1.1,0,0.2,0.1,0,0.1,0.1,0.1,0,0,0,5.6,68477,0,0,0,3,BOX ELDER
49,30049,270,750.7,2.78,19.3,1,0,0,0,1.1,1.3,0,0,0,0,0,15.8,36440,0,0,0,3,BOX ELDER
50,30050,85.6,232.7,2.72,9.3,0,0,0,0,0,0,0,4.3,0,0,0,5,68477,0,0,0,3,BOX ELDER
51,30051,72.3,186.3,2.57,46,0,0,0,0,0.6,0,0,4.3,0,0,37,4.2,68477,0,0,0,3,BOX ELDER
52,30052,150.1,388.2,2.59,62.2,0.4,0.2,0.9,1.8,0.7,15.2,26.7,7.1,0,0,0.5,8.8,36440,0,0,0,3,BOX ELDER
53,30053,154,522.7,3.39,35.7,0,0,0,1.4,2.2,0,3.2,2.1,0,0,17.8,9,60482,0,0,0,3,BOX ELDER
54,30054,97.6,280.8,2.88,13,1.4,0.2,1,0.4,0.2,0.5,0.3,2.8,0,0,0.5,5.7,59889,0,0,0,3,BOX ELDER
55,30055,41.3,107.7,2.61,7.2,0.1,0,0.1,0.1,0,0.1,0,4.4,0,0,0,2.4,59889,0,0,0,3,BOX ELDER
56,30056,82.6,274.5,3.32,44.6,2,1,23.7,2.2,0.8,2.5,1.4,3.4,0,0,2.8,4.8,59889,0,0,0,3,BOX ELDER
57,30057,0,0,0,9,0.5,0.3,1.2,0.5,0.2,2,0.3,3,0,0,0.9,0,58870,0,0,0,3,BOX ELDER
58,30058,24.9,54.8,2.21,358.3,13.8,4.3,35.3,26.9,10.7,139,53.5,20.4,0,0,52.9,1.5,58870,0,16,0,3,BOX ELDER
59,30059,0,0,0,0,0,0,0,0,0,0,0,0,0,0,0,0,58870,0,0,0,3,BOX ELDER
60,30060,0,0,0,0,0,0,0,0,0,0,0,0,0,0,0,0,58870,0,0,0,3,BOX ELDER
61,30061,0,0,0,0,0,0,0,0,0,0,0,0,0,0,0,0,58870,0,0,0,3,BOX ELDER
62,30062,21.6,82.4,3.82,138.3,0.7,0.4,16.5,17.3,0.8,0.9,51,13.9,0,0,35.6,1.3,44190,0,0,0,3,BOX ELDER
63,30063,44.1,115.9,2.63,667.4,58.7,0,96.2,0,0,0,4.8,503.7,0,0,1.4,2.6,53099,0,0,0,3,BOX ELDER
64,30064,229.7,608.9,2.65,755.4,92.4,30.5,17.4,53.9,21.6,164,73.5,284.5,0,0,4.2,13.4,53099,79,27,41,3,BOX ELDER
65,30065,21.8,54.2,2.48,178.2,0,0,0,0,0,174.2,0,2.2,0,0,0.5,1.3,44190,0,0,1458,3,BOX ELDER
66,30066,271,766.5,2.83,80.4,18.9,16,0.3,1.5,1.7,4.2,0.1,21.8,0,0,0,15.8,44190,0,0,0,3,BOX ELDER
67,30067,133.4,315.8,2.37,207.9,0,0,0,0,0,0,4,119.8,0,0,76.3,7.8,39229,0,0,0,3,BOX ELDER
68,30068,210.5,626.6,2.98,50.8,1.5,0.8,3.9,1.7,0.6,1.9,4.2,21.9,0,0,1.9,12.3,40753,0,0,0,3,BOX ELDER
69,30069,225.6,677.3,3,170.6,36.1,50.7,6.5,1.7,2.4,2,3.5,52.5,0,0,1.9,13.2,39229,0,0,0,3,BOX ELDER
70,30070,417.6,1083.2,2.59,1179.8,14.2,7.3,40,4.8,1.9,160,644.9,153.6,0,0,128.7,24.4,39229,0,973,0,3,BOX ELDER
71,30071,588.5,1670.4,2.84,710.9,47.4,152.6,6.3,5.6,5.7,204.6,88,166.6,0,0,0,34.3,43542,563,0,0,3,BOX ELDER
72,30072,142,381,2.68,116.5,32.3,0,1.2,5.6,0,0,4.8,64.3,0,0,0,8.3,41635,0,0,0,3,BOX ELDER
73,30073,28.2,74.4,2.64,36.7,1.5,0.8,3.8,1.7,0.6,1.9,1,21.9,0,0,1.9,1.6,41635,0,0,0,3,BOX ELDER
74,30074,89.5,320.1,3.58,81.4,0,0,0,1.4,0,0,0,74.8,0,0,0,5.2,38344,0,0,0,3,BOX ELDER
75,30075,145.8,349,2.39,182.1,14,21,0.8,3.2,2.4,0.4,10.6,116.5,0,0,4.7,8.5,36294,0,0,0,3,BOX ELDER
76,30076,170.4,434.1,2.55,59.3,0,0,0,0,0.6,10.8,20,12.9,0,0,5.1,9.9,37447,0,0,0,3,BOX ELDER
77,30077,85.3,257.6,3.02,34.2,0,0,0.1,0.1,0.6,0.1,0,19.3,0,0,8.9,5,31244,0,0,0,3,BOX ELDER
78,30078,9.1,31.7,3.49,0.5,0,0,0,0,0,0,0,0,0,0,0,0.5,31101,0,0,0,3,BOX ELDER
79,30079,274.6,676.1,2.46,554.1,126.8,98,13,5.7,7.3,54.7,30.8,190.4,0,0,11.2,16,31101,381,0,0,3,BOX ELDER
80,30080,0,0,0,0,0,0,0,0,0,0,0,0,0,0,0,0,77906,0,0,0,3,BOX ELDER
81,30081,0,0,0,187.2,32.2,113.6,6.2,5.5,2.7,3.1,1.7,19.5,0,0,2.8,0,77906,0,0,0,3,BOX ELDER
82,30082,0,0,0,246.3,47.9,6.8,3.8,5.9,0.6,136,14.8,28.6,0,0,1.9,0,77906,0,0,0,3,BOX ELDER
83,30083,0,0,0,392,312.7,10.7,7.9,7.6,1.3,3.9,3.8,31.5,8.5,0,4.2,0,77906,0,0,0,3,BOX ELDER
84,30084,60.2,200.3,3.33,217.1,26.7,47.4,7.7,4.7,24.5,59.3,2.1,24.8,0,0,16.4,3.5,77906,0,0,0,3,BOX ELDER
85,30085,66.5,223.1,3.36,315.7,0.6,244.5,1.4,0.6,0.2,0.7,15.9,1,0,0,46.8,3.9,77906,0,0,0,3,BOX ELDER
86,30086,0,0,0,0,0,0,0,0,0,0,0,0,0,0,0,0,60413,0,0,0,3,BOX ELDER
87,30087,25.1,74.4,2.96,15.5,0.1,0.1,1.6,0.1,0.1,0.2,0.1,2.4,0,0,9.4,1.5,60413,0,0,0,3,BOX ELDER
88,30088,227.6,822.7,3.61,100.4,1.5,3.8,3.7,3,1.2,40.9,17.9,13.3,0,0,1.9,13.3,60413,546,0,0,3,BOX ELDER
89,30089,54.3,112,2.06,81.4,6,2.1,5.3,11.9,1.4,5.3,10.9,24.9,0,0,10.3,3.2,77906,0,0,0,3,BOX ELDER
90,30090,162.3,475.3,2.93,69.6,1.4,0.7,3.5,1.5,1.1,1.7,9.7,30.2,0,0,10.3,9.5,77906,0,0,0,3,BOX ELDER
91,30091,158.5,390.9,2.47,66.8,0.4,0.2,8.3,1.8,10.7,0.5,1.8,0.6,0,0,33.2,9.3,77906,0,0,0,3,BOX ELDER
92,30092,206.4,566,2.74,32.4,1.5,4.2,1.3,1.9,0.2,0.6,2.7,5.2,0,0,2.8,12,77906,0,0,0,3,BOX ELDER
93,30093,158.1,500.5,3.17,44.9,0.7,0.4,1.8,0.8,0.3,0.9,18,11.9,0,0,0.9,9.2,60413,0,0,0,3,BOX ELDER
94,30094,0,0,0,0,0,0,0,0,0,0,0,0,0,0,0,0,69043,0,0,0,3,BOX ELDER
95,30095,40.3,131.6,3.27,38.1,0,0,0,0,0.6,0,0,4.3,0,0,30.9,2.4,69043,0,0,0,3,BOX ELDER
96,30096,78,232.2,2.98,96,0,4,1.3,0,0,69.4,0,2.2,0,0,14.5,4.6,69043,462,0,0,3,BOX ELDER
97,30097,273.3,891.1,3.26,63.8,0.7,3.4,1.9,0.8,2.6,15.8,1.3,14.2,0,0,7,16,69043,0,0,0,3,BOX ELDER
98,30098,0,0,0,0,0,0,0,0,0,0,0,0,0,0,0,0,69043,0,0,0,3,BOX ELDER
99,30099,153.5,529.2,3.45,30.9,0.2,0.1,0.4,0.2,0.1,0.2,1.7,4.6,0,0,14.5,9,69043,0,0,0,3,BOX ELDER
100,30100,47.4,131.6,2.78,33.8,0.1,1,0.1,0.1,0,0.1,0,0.1,0,0,29.5,2.8,53211,0,0,0,3,BOX ELDER
101,30101,19.1,61,3.19,178.1,6.2,0.2,0.8,0.3,0.1,0.4,0.2,0.6,155.9,0,12.2,1.1,75963,0,0,0,3,BOX ELDER
102,30102,0,0,0,0,0,0,0,0,0,0,0,0,0,0,0,0,53211,0,0,0,3,BOX ELDER
103,30103,0,0,0,0,0,0,0,0,0,0,0,0,0,0,0,0,53211,0,0,0,3,BOX ELDER
104,30104,35.2,109.5,3.11,49.4,0,0,0,0,0,0,0,0,0,0,47.3,2.1,53211,0,0,0,3,BOX ELDER
105,30105,0,0,0,0,0,0,0,0,0,0,0,0,0,0,0,0,53211,0,0,0,3,BOX ELDER
106,30106,24,70.6,2.94,7,0,0,0,0,0,0,0,0,0,0,5.6,1.4,53211,0,0,0,3,BOX ELDER
107,30107,22,83.6,3.81,10.7,0,0,0,0,0,0,0,0,0,0,9.4,1.3,53211,0,0,0,3,BOX ELDER
108,30108,35,109.1,3.11,7.7,0,0,0,1.3,0,0,0,0,0,0,4.2,2,75963,0,0,0,3,BOX ELDER
109,30109,0,0,0,77.1,63.4,4.5,2.5,1.1,0.4,1.3,0.7,1.7,0,0,1.4,0,53211,0,0,0,3,BOX ELDER
110,30110,19.9,53.7,2.69,16.9,0.2,0.1,10.6,0.3,0.1,0.3,0.2,2.5,0,0,1.4,1.2,53211,0,0,0,3,BOX ELDER
111,30111,17,20.4,1.2,17.2,7,0.1,0.6,4.4,0.1,0.3,0.2,0.4,0,0,3.3,1,53211,0,0,0,3,BOX ELDER
112,30112,6.2,25.3,4.05,4.1,0,0,0,0,0,0,0,0,0,0,3.7,0.4,75963,0,0,0,3,BOX ELDER
113,30113,19.9,52.7,2.65,9.7,1,0,0,0,0,0,0,0,0,0,7.5,1.2,53211,0,0,0,3,BOX ELDER
114,30114,42.7,135.1,3.16,11.7,0.1,0,0.2,1.4,0,0.1,0,2.2,0,2.7,2.3,2.5,53211,0,0,0,3,BOX ELDER
115,30115,15.1,49.7,3.28,8.7,1,0,0.1,0,0,0,0,0,0,0,6.6,0.9,75963,0,0,0,3,BOX ELDER
116,30116,40.9,76.9,1.88,14.6,0,0,0,0,0,0,0,0,0,0,12.2,2.4,53211,0,0,0,3,BOX ELDER
117,30117,62.5,174.4,2.79,66.1,1,0,0,0,2.3,57.1,0,2.2,0,0,0,3.6,53211,265,0,0,3,BOX ELDER
118,30118,173.2,427.5,2.47,26.6,2,0,6.4,1.5,0,0.1,0.1,4.4,0,0,1.9,10.1,75963,0,0,0,3,BOX ELDER
119,30119,85.7,230,2.68,5,0,0,0,0,0,0,0,0,0,0,0,5,53211,0,0,0,3,BOX ELDER
120,30120,60.4,180.3,2.98,11.6,0,0,0,6.6,0,0,1.5,0,0,0,0,3.5,53211,0,0,0,3,BOX ELDER
121,30121,59.9,172.2,2.88,9.5,0,0,1.3,0,0,0,0.8,0,0,0,3.7,3.5,75963,0,0,0,3,BOX ELDER
122,30122,9.4,11.3,1.2,8.5,0,0,0,0,0,0,0,0,0,0,8,0.5,53211,0,0,0,3,BOX ELDER
123,30123,55.4,168.6,3.04,14.1,0,0,0,0,0.6,0,0,0,0,0,10.3,3.2,75963,0,0,0,3,BOX ELDER
124,30124,124.5,389.3,3.13,24.9,0.3,0.2,0.7,0.3,0.7,0.4,0.2,6.9,0,0,8,7.3,53211,0,0,0,3,BOX ELDER
125,30125,59,192.2,3.26,99.4,13.2,0.2,6.1,0.5,1.9,0.5,0.3,5.1,42.5,0,25.7,3.4,75963,0,0,0,3,BOX ELDER
126,30126,153,532.7,3.48,52.7,2.2,0.1,11.8,0.2,0.7,0.3,2.5,6.8,0,0,19.2,8.9,53211,0,0,0,3,BOX ELDER
127,30127,170.9,561.3,3.28,81.1,5.2,0.2,0.8,0.4,1.3,0.4,0.2,9.2,0,0,53.4,10,75963,0,0,0,3,BOX ELDER
128,30128,93.3,217.4,2.33,175.2,5.3,0.8,22.1,24.8,0.6,12.4,1,4.7,0,13.5,84.7,5.4,69896,0,0,0,3,BOX ELDER
129,30129,45.5,118.6,2.6,10.7,0,0,0,0,0,0,0,0,0,0,8,2.7,53211,0,0,0,3,BOX ELDER
130,30130,3.1,10,3.17,0.2,0,0,0,0,0,0,0,0,0,0,0,0.2,53211,0,0,0,3,BOX ELDER
131,30131,2.3,6.6,2.85,11.3,0,0,0,0,0,0,0,10.7,0,0,0.5,0.1,53211,0,0,0,3,BOX ELDER
132,30132,1.1,4.3,3.81,25.9,0,0,0,25.8,0,0,0,0,0,0,0,0.1,53211,0,0,0,3,BOX ELDER
133,30133,4.1,15.8,3.81,0.2,0,0,0,0,0,0,0,0,0,0,0,0.2,53211,0,0,0,3,BOX ELDER
134,30134,1.1,2.1,1.88,0.1,0,0,0,0,0,0,0,0,0,0,0,0.1,53211,0,0,0,3,BOX ELDER
135,30135,0,0,0,0,0,0,0,0,0,0,0,0,0,0,0,0,53211,0,0,0,3,BOX ELDER
