taz,coord-x,coord-y,area
1,410051,4604806,1517572.5
2,408993,4603544,2683068.18
3,410126,4602742,1906071.06
4,408249,4601825,3399362.4
5,409373,4600722,1768477.82
6,410283,4600358,3646220.8600000003
7,411821,4601943,13427481.48
8,411935,4605642,2355272.52
9,412641,4606013,546326.1
10,413394,4603600,4172312.66
11,414376,4600355,4196593.82
12,413129,4598915,3051332.44
13,414524,4598638,849840.6
14,408607,4598032,6907990.0200000005
15,410463,4598152,1663259.46
16,409823,4596661,2424069.14
17,410935,4596548,1125027.08
18,408644,4595521,2100320.34
19,409378,4593363,19206397.560000002
20,411629,4592277,2067945.46
21,409390,4590129,6527585.180000001
22,410960,4588080,6823005.96
23,411885,4585699,376357.98000000004
24,412246,4584236,526091.8
25,411691,4598033,1299042.06
26,411629,4596947,918637.22
27,412397,4597091,619169.5800000001
28,412234,4596259,861981.18
29,412644,4598030,967199.54
30,413551,4597453,546326.1
31,413461,4596950,821512.5800000001
32,413461,4596299,837700.02
33,414372,4597691,408732.86
34,414952,4597663,457295.18
35,414353,4596960,339936.24
36,414934,4596975,437060.88
37,414344,4596277,327795.66000000003
38,414922,4596285,477529.48000000004
39,415761,4598442,1060277.32
40,415471,4597589,226624.16
41,415844,4597575,218530.44
42,415460,4596961,258999.04
43,415850,4596949,258999.04
44,415446,4596407,169968.12
45,415839,4596394,174014.98
46,415430,4595807,291373.92
47,415826,4595797,303514.5
48,416173,4597654,125452.66
49,416266,4596996,307561.36
50,416501,4597109,125452.66
51,416760,4597223,615122.72
52,416350,4596476,250905.32
53,416925,4596274,327795.66000000003
54,416300,4596111,182108.7
55,416171,4595637,141640.1
56,417157,4595651,1760384.1
57,412223,4595505,1007668.14
58,413391,4595551,1003621.28
59,412330,4594692,768903.4
60,413162,4594567,789137.7000000001
61,412499,4593754,934824.66
62,414039,4595398,190202.42
63,414375,4595701,182108.7
64,414901,4595686,311608.22000000003
65,414360,4595282,137593.24
66,414886,4595150,392545.42
67,413883,4594716,356123.68
68,414344,4594726,303514.5
69,414872,4594590,343983.10000000003
70,413777,4593830,1404260.4200000002
71,414790,4593759,801278.28
72,415304,4595163,230671.02000000002
73,415789,4595117,230671.02000000002
74,416251,4595226,230671.02000000002
75,415398,4594574,206389.86000000002
76,415793,4594562,210436.72
77,416157,4594497,161874.4
78,416626,4594651,481576.34
79,415877,4593838,1371885.54
80,412582,4592973,886262.3400000001
81,413842,4593143,457295.18
82,414636,4593168,214483.58000000002
83,413718,4592920,987433.8400000001
84,414613,4592738,938871.52
85,413778,4591854,805325.14
86,412146,4591378,441107.74
87,412672,4591221,829606.3
88,413361,4591038,752715.9600000001
89,415426,4593082,234717.88
90,415223,4592634,566560.4
91,414770,4591830,740575.38
92,414384,4591210,461342.04000000004
93,413961,4590844,226624.16
94,411992,4590408,190202.42
95,412526,4590153,473482.62
96,413027,4589940,611075.86
97,413705,4590214,683919.34
98,411952,4589313,437060.88
99,412434,4589365,789137.7000000001
100,413048,4588988,396592.28
101,413598,4588889,813418.86
102,411933,4588423,222577.30000000002
103,412448,4588415,396592.28
104,413066,4588347,360170.54000000004
105,411915,4587585,566560.4
106,412469,4587488,704153.64
107,413277,4587856,829606.3
108,413692,4587334,635357.02
109,412069,4586391,364217.4
110,412516,4586538,437060.88
111,413148,4586536,420873.44
112,413646,4586386,331842.52
113,412565,4585668,918637.22
114,413209,4585666,461342.04000000004
115,413745,4585632,627263.3
116,412609,4584800,509904.36000000004
117,413192,4584776,246858.46000000002
118,413707,4584622,700106.78
119,412699,4584041,513951.22000000003
120,413156,4584271,404686
121,413864,4583799,513951.22000000003
122,413144,4582953,991480.7000000001
123,413884,4582897,744622.24
124,413231,4581282,1667306.32
125,414005,4581534,922684.0800000001
126,413070,4579319,1169542.54
127,414055,4580087,1853461.8800000001
128,413592,4578358,2173163.8200000003
129,413225,4578243,704153.64
130,412531,4580763,594888.42
131,411291,4579368,3969969.66
132,412464,4579253,1133120.8
133,410420,4577479,3314378.3400000003
134,412321,4577786,1711821.78
135,411817,4577154,2011289.4200000002
136,403455,4563700,28587019.04
137,408610,4575359,8785733.06
138,410580,4575780,1558041.1
139,412828,4575753,2755911.66
140,413178,4574189,2476678.3200000003
141,413305,4572557,2764005.38
142,406660,4568783,4038766.2800000003
143,408082,4571308,4354421.36
144,409912,4571624,1015761.86
145,410292,4571024,546326.1
146,411571,4570423,1205964.28
147,412741,4569787,1048136.74
148,408326,4568792,4216828.12
149,410070,4569015,3014910.7
150,408063,4567087,3532908.7800000003
151,410482,4567214,4479874.0200000005
152,409902,4570431,951012.1
153,411529,4569262,3706923.7600000002
154,412839,4568775,1634931.44
155,413302,4567247,5216402.54
156,416575.64415,4577637.24478,1355698.1
157,416148.988,4576894.03731,1675400.04
158,415347,4576124,3403409.2600000002
159,414409,4574716,2302663.34
160,415539,4574489,2764005.38
161,416472,4574117,1683493.76
162,417709,4577634,724387.9400000001
163,417565,4577096,878168.62
164,418995,4576697,1529713.08
165,417415,4575708,2994676.4
166,418819.58319,4575302.89059,2335038.22
167,417352,4573744,1578275.4000000001
168,418414,4573785,1189776.84
169,420103.21432,4575232.813,2982535.8200000003
170,421100,4575496,1812993.28
171,419485,4574158,776997.12
172,420284,4574042,659638.18
173,419734,4573473,1023855.5800000001
174,421179,4573807,1566134.82
175,414606,4572138,2290522.7600000002
176,415643,4572243,1723962.36
177,416204,4572387,1222151.72
178,417510,4572477,2367413.1
179,417844,4571424,2039617.4400000002
180,418292,4570372,1120980.22
181,417570,4569547,2221726.14
182,419319,4572623,926730.9400000001
183,420047,4572543,546326.1
184,420908,4572599,1748243.52
185,419262,4571683,692013.06
186,420107,4571624,667731.9
187,420720,4571730,295420.78
188,419289,4570665,1104792.78
189,420157,4570714,1541853.6600000001
190,419185,4569362,1015761.86
191,419888,4569399,594888.42
192,414938,4568094,2456444.02
193,416125,4567127,2156976.38
194,417564,4566824,801278.28
195,418322,4568058,1210011.1400000001
196,419275,4568401,1088605.34
197,419364,4567637,946965.24
198,420298,4568830,951012.1
199,420624,4569292,307561.36
200,420289,4567571,566560.4
201,420868,4568029,696059.92
202,419118,4566928,319701.94
203,419617,4566597,700106.78
204,420303,4566935,546326.1
205,420831,4566828,639403.88
206,421285,4567406,501810.64
207,421557,4566284,1052183.6
208,406766,4565538,3686689.46
209,407934,4565590,1197870.56
210,408776,4565470,1833227.58
211,412963,4565951,2124601.5
212,414585,4565157,1092652.2
213,414709,4564123,1205964.28
214,413239,4563289,1294995.2
215,413004,4562145,1991055.12
216,414501,4562941,1594462.84
217,414988,4562308,1752290.3800000001
218,415823,4563175,445154.60000000003
219,416296,4562300,781043.98
220,415285,4561080,4030672.56
221,408736,4559662,1290948.34
222,408522,4557909,1776571.54
223,408380,4556884,2051758.02
224,409927,4559700,2606177.84
225,413302,4561213,1493291.34
226,412057,4559554,1906071.06
227,413685,4560780,716294.22
228,413383,4560020,1076464.76
229,412724,4559209,473482.62
230,413483,4559194,756762.8200000001
231,414221,4559271,598935.28
232,409669,4558307,1533759.94
233,410377,4558009,760809.68
234,411115,4558159,1303088.92
235,409489,4556869,1027902.4400000001
236,410293,4556803,930777.8
237,411934,4558420,687966.2000000001
238,411996,4557675,849840.6
239,412784,4558463,598935.28
240,413783,4558461,594888.42
241,414240.22389,4558484.94175,396592.28
242,413085,4557648,813418.86
243,413857,4557657,647497.6
244,411093,4556820,942918.38
245,411965,4556805,712247.36
246,412548,4556786,530138.66
247,413010,4556868,493716.92000000004
248,413583,4556892,756762.8200000001
249,416352,4565579,2695208.7600000002
250,415494,4565100,748669.1
251,415502,4564363,493716.92000000004
252,417487,4565960,1242386.02
253,418372,4566551,679872.48
254,418335,4565805,453248.32
255,418955,4565991,449201.46
256,419353,4565914,368264.26
257,419892,4565978,473482.62
258,420445,4565798,845793.74
259,415935,4564149,469435.76
260,416880,4564419,388498.56
261,416469,4563381,1521619.36
262,417392,4564451,477529.48000000004
263,417332,4563080,1181683.12
264,417744,4564906,258999.04
265,418326,4565184,222577.30000000002
266,417823,4564455,194249.28
267,418088,4564679,101171.5
268,418307,4564675,109265.22
269,418548,4564674,109265.22
270,418802.87155,4564656.7337,109265.22
271,418088,4564184,105218.36
272,418297,4564183,109265.22
273,418537,4564173,109265.22
274,418784,4564171,109265.22
275,418074,4563764,149733.82
276,418281,4563725,105218.36
277,418519,4563708,109265.22
278,418758,4563711,109265.22
279,418050,4563256,137593.24
280,418286,4563252,109265.22
281,418515,4563247,105218.36
282,418750,4563240,109265.22
283,419159,4565135,542279.24
284,419223,4564613,323748.8
285,419222,4564155,323748.8
286,419214,4563692,323748.8
287,420133,4565061,509904.36000000004
288,420088,4564594,428967.16000000003
289,420071,4564131,428967.16000000003
290,420055,4563670,428967.16000000003
291,421295,4565306,522044.94
292,421311,4564854,1096699.06
293,421760,4564612,404686
294,420992,4564104,428967.16000000003
295,421800,4564083,404686
296,417738,4562924,331842.52
297,418131,4562764,323748.8
298,418504,4562781,161874.4
299,418723,4562779,161874.4
300,419198,4563223,323748.8
301,420042,4563205,428967.16000000003
302,419196,4562759,319701.94
303,420027,4562737,428967.16000000003
304,420127,4562311,323748.8
305,420982,4563635,428967.16000000003
306,421763,4563622,465388.9
307,420937,4563011,756762.8200000001
308,421763,4563034,497763.78
309,417292,4561853,700106.78
310,417270,4560774,1315229.5
311,418094,4562102,246858.46000000002
312,418607,4562075,254952.18000000002
313,417670,4561503,287327.06
314,418143,4561486,287327.06
315,418484,4561567,283280.2
316,419211,4562284,384451.7
317,419121,4561577,615122.72
318,419606,4561820,238764.74000000002
319,420099,4561658,667731.9
320,420789,4562261,372311.12
321,421652,4562163,1023855.5800000001
322,420836,4561573,772950.26
323,418288,4560741,530138.66
324,418884,4560944,283280.2
325,418897,4560592,238764.74000000002
326,419442,4560701,372311.12
327,419861,4560750,230671.02000000002
328,420196,4560576,635357.02
329,420708,4560466,1278807.76
330,420775,4559416,461342.04000000004
331,421636,4560183,1214058
332,416015,4560134,1278807.76
333,416689,4560346,857934.3200000001
334,415733,4559235,760809.68
335,417478,4559907,412779.72000000003
336,418093,4560085,202343
337,418172,4559831,343983.10000000003
338,417389,4559123,420873.44
339,418201,4559330,594888.42
340,419008,4559845,938871.52
341,418808,4558905,861981.18
342,419686,4559341,647497.6
343,420062,4559530,481576.34
344,420187,4558815,295420.78
345,414512,4556986,829606.3
346,414860,4558974,675825.62
347,415780,4557325,3027051.2800000003
348,415275,4556513,870074.9
349,416050,4558689,1044089.88
350,416681,4558560,1432588.44
351,417879,4558579,623216.4400000001
352,417184,4557964,615122.72
353,417744,4557996,538232.38
354,418449,4558038,441107.74
355,417691,4556906,1756337.24
356,418484,4557379,319701.94
357,419113,4557571,598935.28
358,419613,4556494,2792333.4
359,420963,4555878,1558041.1
360,421071,4554913,3047285.58
361,420003,4558085,1610650.28
362,420787,4557127,534185.52
363,421608,4558048,4107562.9
364,421734,4556723,1201917.42
365,422719,4556192,1566134.82
366,423680,4555313,2088179.76
367,410030,4555916,833653.16
368,409900,4555262,1303088.92
369,409876,4554385,1303088.92
370,409886,4553700,1307135.78
371,411094.57097,4556022.36609,461342.04000000004
372,411874,4555950,453248.32
373,411072.46499,4555230.97216,651544.46
374,411872.70131,4555213.28738,627263.3
375,411885.96489,4554395.36629,647497.6
376,411068.0438,4554404.20868,647497.6
377,411072.46499,4553634.92073,647497.6
378,411868.28011,4553599.55117,647497.6
379,412721.57077,4555244.23575,663685.04
380,413530.04989,4552059.09782,679872.48
381,412637.56806,4555911.83621,453248.32
382,413490,4555882,530138.66
383,413484,4555206,687966.2000000001
384,412686.20121,4553564.18161,675825.62
385,412672.93762,4554373.26031,659638.18
386,413479,4554416,667731.9
387,413450,4553594,659638.18
388,412802,4552817,764856.54
389,413566,4552761,534185.52
390,412698.60251,4551933.9636,611075.86
391,409824,4552830,1303088.92
392,409845.2808,4551242.26407,1303088.92
393,409835.28642,4552016.82873,1278807.76
394,409814,4549987,2468584.6
395,411076.88619,4552825.84203,651544.46
396,411837.33175,4552786.05127,647497.6
397,411397,4552001,1282854.62
398,411369,4551186,1307135.78
399,411362,4549959,2598084.12
400,413301,4550194,5556338.78
401,414280,4552339,764856.54
402,414197,4551195,315655.08
403,414911,4551214,1092652.2
404,414831,4550206,914590.36
405,415572,4550234,1056230.46
406,414179,4555245,651544.46
407,414389,4553856,1270714.04
408,414705,4552576,550372.96
409,417275,4553650,15584457.860000001
410,416188,4551166,1610650.28
411,417374,4551816,4791482.24
412,418931,4554980,5908415.600000001
413,421477,4553717,2173163.8200000003
414,420404,4551600,2484772.04
415,421467,4551798,3411502.98
416,423081,4553747,1011715
417,423940,4553806,534185.52
418,422473,4553044,1703728.06
419,423063,4551793,2023430
420,424031,4552452,1489244.48
421,411370,4548783,1286901.48
422,412972,4548708,1331416.94
423,414588,4548776,1177636.26
424,414556,4547973,2055804.8800000001
425,414637,4547207,1274760.9000000001
426,414777,4546416,1323323.22
427,416054,4548377,1428541.58
428,416753,4548658,1509478.78
429,412875,4544874,7118426.74
430,414750,4545485,2456444.02
431,416166,4546362,1889883.62
432,416077.38632,4545337.31044,1954633.3800000001
433,416036.80091,4544195.75575,1525666.22
434,417353,4545011,1031949.3
435,417430,4546480,1626837.72
436,417871,4546803,1396166.7
437,417879,4545500,963152.68
438,418844,4545086,1157401.96
439,417100,4543001,4617467.26
440,418158,4544095,1578275.4000000001
441,419456,4543939,1096699.06
442,419836,4542750,1703728.06
443,420653,4540495,2662833.88
444,417786,4550035,1278807.76
445,416803,4549694,1392119.84
446,417756,4548432,1408307.28
447,418887,4549870,1825133.86
448,420142,4549879,2347178.8000000003
449,418770,4548382,1942492.8
450,419781,4548479,789137.7000000001
451,421548,4549962,1792758.98
452,422734,4549676,2161023.24
453,422175,4548715,2371459.96
454,421379,4548109,2865176.88
455,423963,4548959,2019383.1400000001
456,423961,4546526,2128648.36
457,418673,4547102,874121.76
458,419254,4546558,841746.88
459,419403,4545629,295420.78
460,419903,4546662,1161448.82
461,421250,4546857,3545049.3600000003
462,420077,4545244,1764430.96
463,422283,4545792,3763579.8000000003
464,420638,4544062,1715868.6400000001
465,422179,4544758,2788286.54
466,422742,4543954,1634931.44
467,420652,4542845,959105.8200000001
468,421753,4542967,1035996.16
469,422996,4543135,1108839.6400000001
470,422552,4542311,1234292.3
471,422978,4541513,1553994.24
472,424059,4543010,3771673.52
473,421346,4541806,1938445.9400000002
474,421995,4540526,1776571.54
475,422943,4540085,1464963.32
476,423419,4538782,1120980.22
477,423934,4540347,1582322.26
478,424697,4539951,1634931.44
479,424214,4538704,724387.9400000001
480,425268,4538594,1238339.1600000001
481,424682,4537672,805325.14
482,423859,4537531,724387.9400000001
483,423098,4536076,2059851.74
484,424156,4536227,2015336.28
485,422115,4534713,1995101.98
486,425530,4537564,951012.1
487,425124,4536651,805325.14
488,425956,4536720,513951.22000000003
489,425321,4535749,801278.28
490,426126,4535787,906496.64
491,423494,4534621,1707774.9200000002
492,424522,4534596,1242386.02
493,424339,4532293,2618318.42
494,425475,4534621,1497338.2
495,425423,4533130,874121.76
496,426210,4533184,959105.8200000001
497,425261,4532016,829606.3
498,425671,4531946,752715.9600000001
499,426427,4531745,979340.12
500,423758,4530743,1614697.1400000001
501,424624.2425,4530191.83661,623216.4400000001
502,424637.29538,4530787.91807,493716.92000000004
503,422770,4529503,1234292.3
504,423954,4529250,1638978.3
505,425161,4530811,441107.74
506,425727,4530904,465388.9
507,426269,4530775,441107.74
508,425186,4529954,497763.78
509,425704,4529898,517998.08
510,426255,4529879,522044.94
511,425186,4529118,384451.7
512,425702,4529128,396592.28
513,426222,4529118,396592.28
514,426926,4530136,1914164.78
515,421409,4527939,1926305.36
516,422676,4527947,1643025.1600000001
517,423583,4528084,1153355.1
518,424356,4528105,995527.56
519,422376,4526894,2104367.2
520,423798,4526816,1416401
521,425116,4528175,955058.9600000001
522,425662,4528107,793184.56
523,426200,4528063,793184.56
524,424650,4526851,368264.26
525,425116,4526851,598935.28
526,425606,4526851,433014.02
527,426180,4526851,732481.66
528,426955,4528017,1096699.06
529,427743,4527975,1258573.46
530,426875,4526837,708200.5
531,427603,4526762,1068371.04
532,428592,4527047,2213632.42
533,419739,4524693,6272633
534,421182,4524941,2565709.24
535,422438,4525803,1602556.56
536,421870,4524523,687966.2000000001
537,422614,4524585,1521619.36
538,423621,4525745,861981.18
539,424238,4525872,473482.62
540,423578,4524566,1185729.98
541,424155,4524855,473482.62
542,424604,4525100,1040043.02
543,425192,4525845,1125027.08
544,426076,4525910,542279.24
545,425788,4525158,631310.16
546,426739,4525607,1307135.78
547,427776,4525416,1590415.98
548,425441,4524197,1185729.98
549,426239,4524302,683919.34
550,424610,4523466,513951.22000000003
551,425691,4523587,857934.3200000001
552,427442,4524456,1214058
553,427151,4523625,1736102.94
554,429028,4525164,1622790.86
555,428426,4523313,4071141.16
556,420160,4522488,1286901.48
557,421069,4522559,1906071.06
558,420787,4521197,1060277.32
559,421987,4522925,1671353.1800000002
560,422732,4522967,2011289.4200000002
561,421935,4521174,1351651.24
562,421764,4520331,2662833.88
563,423580,4522905,1133120.8
564,424021,4522637,570607.26
565,423720,4521975,441107.74
566,425329,4522456,2747817.94
567,424509,4521887,833653.16
568,423210,4520383,1493291.34
569,424246,4520646,3014910.7
570,426465,4521034,8834295.38
571,408726,4519896,3063473.02
572,407835,4518386,3350800.08
573,409363,4518683,2148882.66
574,407623,4516139,1829180.72
575,409027.5482,4517179.75029,4135890.92
576,410773,4517442,1493291.34
577,411805,4518171,5507776.46
578,412451,4515956,4176359.52
579,414548,4516031,2128648.36
580,407784.86674,4514542.1675,2181257.54
581,409092.98219,4514926.29664,2161023.24
582,410417,4515909,1679446.9000000001
583,410580,4514510,2407881.7
584,412295,4514369,3322472.06
585,414340,4514556,3371034.38
586,399413,4509957,4649842.140000001
587,403830,4513259,17114170.94
588,407251,4512978,3621939.7
589,403978,4509881,16393829.860000001
590,407494,4510155,9437277.52
591,409147,4513433,2221726.14
592,411085,4513487,1400213.56
593,409338,4512423,2120554.64
594,411323,4512407,2735677.36
595,409534,4511083,1582322.26
596,411516,4511089,3298190.9
597,409405,4509705,2630459
598,410992,4509239,1606603.4200000002
599,412234,4509779,2865176.88
600,409365,4508417,1254526.6
601,410872,4508466,1003621.28
602,399035,4508605,2395741.12
603,402359,4508052,3067519.88
604,403881,4506952,4265390.44
605,405958,4507158,963152.68
606,405452,4506259,1671353.1800000002
607,406952,4507757,1218104.86
608,406936,4506867,1274760.9000000001
609,406962,4506087,1173589.4000000001
610,407331,4505331,651544.46
611,408214,4507517,732481.66
612,409575,4507760,797231.42
613,409355,4507296,890309.2000000001
614,408200,4506777,562513.54
615,409308,4506731,959105.8200000001
616,408152,4506082,643450.74
617,409252,4506035,1299042.06
618,411649,4508003,2270288.46
619,410942,4507277,987433.8400000001
620,411037,4506681,938871.52
621,410989,4506059,1299042.06
622,412385,4506041,1015761.86
623,406901,4504698,2177210.68
624,407099,4503114,2193398.12
625,408192,4505426,360170.54000000004
626,409208,4505305,756762.8200000001
627,409941,4505045,538232.38
628,408145,4504980,368264.26
629,409177,4504658,841746.88
630,408259,4504364,1031949.3
631,410989,4505213,1278807.76
632,410989,4504626,611075.86
633,410914,4504260,708200.5
634,412436.02447,4504894.73239,1566134.82
635,412315.36528,4503739.85162,987433.8400000001
636,409068,4503545,2925879.7800000003
637,411377,4503819,408732.86
638,410946,4503127,2096273.48
639,409397,4501490,2148882.66
640,411074,4501627,2302663.34
641,416690,4519597,5010012.68
642,419177,4520276,5301386.600000001
643,420280,4519239,1991055.12
644,421207,4518365,1954633.3800000001
645,421896,4518549,1323323.22
646,417079,4517585,9761026.32
647,417363,4514955,8255594.4
648,416256,4513542,793184.56
649,417335,4513440,1068371.04
650,419347,4516937,2840895.72
651,419299,4514657,1521619.36
652,419407,4513394,469435.76
653,420260,4516526,2027476.86
654,420901,4517049,526091.8
655,420864,4515620,299467.64
656,421744,4517052,785090.84
657,421472,4516375,776997.12
658,422234,4516352,513951.22000000003
659,421480,4515528,841746.88
660,422413,4515479,1023855.5800000001
661,420319,4515101,445154.60000000003
662,420314,4514309,785090.84
663,420318,4513535,562513.54
664,421170,4514196,598935.28
665,421517,4514669,740575.38
666,422436,4514623,918637.22
667,422069,4514035,279233.34
668,422503,4514060,113312.08
669,422815,4514035,267092.76
670,421298,4513487,716294.22
671,422102,4513447,396592.28
672,422494,4513418,174014.98
673,422846,4513690,121405.8
674,422801,4513363,186155.56
675,412852,4512752,2812567.7
676,413970,4512676,1796805.84
677,415686,4512745,3909266.7600000002
678,413225,4511130,647497.6
679,414288,4511545,1068371.04
680,414249,4510768,1262620.32
681,415771,4511364,1691587.48
682,417781,4512695,2545474.94
683,419341,4512708,1080511.62
684,420274,4512310,1529713.08
685,417493,4510983,2424069.14
686,418738,4511690,736528.52
687,418894,4510857,1663259.46
688,420237,4511028,1015761.86
689,421302,4512806,963152.68
690,421109,4511951,801278.28
691,421779,4511940,590841.56
692,422329,4512764,582747.84
693,422539,4511906,975293.26
694,421071,4510906,825559.4400000001
695,421845,4510913,736528.52
696,422482,4510902,546326.1
697,422958,4510898,218530.44
698,423288,4510869,424920.3
699,413243,4509570,744622.24
700,414238,4509567,2557615.52
701,415853,4509767,2634505.86
702,417250,4509880,2658787.02
703,418575,4509678,1485197.62
704,419482,4509644,1112886.5
705,420226,4509644,1659212.6
706,421372,4509974,1056230.46
707,421151,4509071,841746.88
708,421733,4509289,348029.96
709,422447,4510049,853887.4600000001
710,423320,4510044,513951.22000000003
711,422747,4509158,1339510.6600000001
712,423416,4509124,303514.5
713,413195,4508190,708200.5
714,413177,4507431,279233.34
715,413160,4506750,412779.72000000003
716,413149,4506041,356123.68
717,414150,4508190,1796805.84
718,415961,4508496,1023855.5800000001
719,415534,4507757,1286901.48
720,416440,4507694,615122.72
721,417112,4507953,1048136.74
722,414114,4506855,1655165.74
723,414642,4506556,279233.34
724,415865,4506728,1618744
725,416987,4506554,327795.66000000003
726,417852,4507895,1351651.24
727,418657,4507844,1266667.18
728,419282,4507959,623216.4400000001
729,417325,4506743,210436.72
730,417855,4506757,805325.14
731,418738,4506797,607029
732,419261,4506797,348029.96
733,417335,4505963,198296.14
734,417872,4505966,651544.46
735,418601,4505932,647497.6
736,419251,4505910,339936.24
737,419955,4508027,1384026.12
738,419825,4506899,671778.76
739,419736,4505960,327795.66000000003
740,421375,4508170,1606603.4200000002
741,421604,4507003,809372
742,420960,4505910,712247.36
743,422284,4507591,785090.84
744,422760,4507696,1436635.3
745,423415,4507688,720341.0800000001
746,422208,4506336,728434.8
747,423125,4506244,1027902.4400000001
748,413902,4506036,720341.0800000001
749,414615,4505986,578700.98
750,413117,4504716,776997.12
751,413829,4504776,1294995.2
752,414656,4504744,1299042.06
753,415763,4505970,1303088.92
754,416929,4505988,449201.46
755,415439,4505270,505857.5
756,416265,4505166,647497.6
757,416892,4505057,356123.68
758,415413,4504439,793184.56
759,416211,4504377,647497.6
760,416896,4504371,348029.96
761,417253,4505095,291373.92
762,417834,4505175,647497.6
763,417228,4504392,299467.64
764,417827,4504388,647497.6
765,418607,4505337,331842.52
766,418644,4504869,396592.28
767,419292,4505083,388498.56
768,418618,4504295,566560.4
769,419304,4504357,424920.3
770,419745,4505131,267092.76
771,420264,4505131,643450.74
772,419721,4504325,222577.30000000002
773,420245,4504311,651544.46
774,421103,4504873,1424494.72
775,421771,4504997,724387.9400000001
776,422597,4505095,1371885.54
777,423414,4505103,1056230.46
778,423153,4504043,870074.9
779,413106,4503371,724387.9400000001
780,413579,4503253,643450.74
781,414490,4503746,542279.24
782,414233,4503382,441107.74
783,414383,4502754,959105.8200000001
784,415330,4503328,687966.2000000001
785,415409,4502587,619169.5800000001
786,415947,4503670,558466.68
787,416281,4502924,772950.26
788,416830,4503264,696059.92
789,417181,4503123,602982.14
790,417804,4503547,647497.6
791,417796,4502715,651544.46
792,418636,4503468,643450.74
793,418614,4502707,643450.74
794,419289,4503072,756762.8200000001
795,419712,4503587,222577.30000000002
796,420227,4503355,635357.02
797,419715,4502732,327795.66000000003
798,420224,4502749,663685.04
799,420993,4502951,1541853.6600000001
800,422177,4503606,1865602.46
801,421259,4502160,602982.14
802,422509,4502474,1238339.1600000001
803,423396,4503354,453248.32
804,423594,4502530,473482.62
805,423558,4501064,356123.68
806,412964,4502551,242811.6
807,412629,4501611,2092226.62
808,413784,4501621,926730.9400000001
809,414051,4500931,663685.04
810,414335,4501982,679872.48
811,415095,4501528,922684.0800000001
812,415972,4501493,1934399.08
813,416733,4501541,716294.22
814,417231,4501896,242811.6
815,417201,4501106,380404.84
816,417835.01648,4501696.23858,926730.9400000001
817,417679.15505,4501026.61173,372311.12
818,418498,4501100,465388.9
819,418710,4501800,825559.4400000001
820,419205,4501505,744622.24
821,419628,4501493,542279.24
822,420233,4501478,1303088.92
823,419941,4500360,513951.22000000003
824,420425,4500253,388498.56
825,420916,4501283,720341.0800000001
826,421774,4501374,1533759.94
827,421031,4500281,687966.2000000001
828,421614,4500073,619169.5800000001
829,422815,4501210,1363791.82
830,422269,4500405,712247.36
831,422543,4499567,1307135.78
832,423346,4500134,1278807.76
833,412660,4499992,2901598.62
834,413739,4500022,1218104.86
835,414518,4499917,1776571.54
836,415764,4500353,914590.36
837,415950,4499527,1177636.26
838,416934,4499977,1137167.6600000001
839,417763,4500015,1497338.2
840,418615,4499955,1290948.34
841,419400,4499753,1108839.6400000001
842,420176,4499388,582747.84
843,420987,4499342,485623.2
844,423314,4513678,84984.06
845,423161,4513259,161874.4
846,423476,4513343,141640.1
847,423073,4512819,226624.16
848,423461,4512833,113312.08
849,423697,4513532,113312.08
850,423945,4513661,56656.04
851,424191,4513663,56656.04
852,424188,4513411,56656.04
853,424417,4513415,113312.08
854,423688,4512819,113312.08
855,424417,4512933,56656.04
856,423939,4512697,56656.04
857,424181,4512690,56656.04
858,424415,4512695,56656.04
859,424424,4513655,56656.04
860,424795,4513648,117358.94
861,425398,4513690,283280.2
862,424671,4513407,56656.04
863,424904,4513409,56656.04
864,425160,4513407,56656.04
865,424673,4513180,56656.04
866,424906,4513173,56656.04
867,425161,4513176,56656.04
868,424668,4512933,56656.04
869,424904,4512933,56656.04
870,425172,4512930,56656.04
871,424670,4512690,56656.04
872,424906,4512687,56656.04
873,425160,4512685,56656.04
874,424671,4512434,56656.04
875,424907,4512434,56656.04
876,425160,4512434,56656.04
877,425383,4513405,56656.04
878,425634,4513405,56656.04
879,425386,4513176,56656.04
880,425634,4513176,56656.04
881,425388,4512926,56656.04
882,425629,4512923,56656.04
883,425388,4512687,56656.04
884,425629,4512692,56656.04
885,423231,4512422,303514.5
886,423386,4511751,331842.52
887,423702,4512450,56656.04
888,423934,4512459,56656.04
889,424172,4512456,56656.04
890,424416,4512450,56656.04
891,423700,4512208,56656.04
892,423935,4512215,56656.04
893,424172,4512209,56656.04
894,424416,4512206,56656.04
895,424664,4512212,56656.04
896,424910,4512208,56656.04
897,423694,4511976,56656.04
898,423935,4511970,56656.04
899,424175,4511964,56656.04
900,424405,4511966,56656.04
901,424648,4511960,56656.04
902,424901,4511965,56656.04
903,423687,4511624,117358.94
904,423935,4511624,113312.08
905,424173,4511624,113312.08
906,424426,4511619,113312.08
907,424649,4511619,113312.08
908,424892,4511624,113312.08
909,425389,4512434,56656.04
910,425622,4512442,56656.04
911,425168,4512205,56656.04
912,425373,4512196,56656.04
913,425622,4512191,56656.04
914,425142,4511958,56656.04
915,425368,4511945,56656.04
916,425624,4511946,56656.04
917,425145,4511619,113312.08
918,425383,4511609,113312.08
919,425610,4511589,113312.08
920,422371,4517653,841746.88
921,423190,4516059,1821087
922,423979,4515370,186155.56
923,423193,4518039,4123750.3400000003
924,426390,4517939,14633445.76
925,425037,4514996,335889.38
926,427352,4516071,4896700.600000001
927,429042,4516319,6644944.12
928,423379,4514035,194249.28
929,423721,4514022,113312.08
930,423396,4514641,299467.64
931,423704,4514624,174014.98
932,423957,4514585,287327.06
933,424242,4515559,445154.60000000003
934,424204,4514633,250905.32
935,424691,4514607,242811.6
936,425072,4514483,198296.14
937,424525,4514041,348029.96
938,424968,4514023,194249.28
939,425472,4515000,339936.24
940,426208,4514875,238764.74000000002
941,426761,4514911,348029.96
942,425679,4514490,186155.56
943,426217,4514489,190202.42
944,426698,4514479,186155.56
945,425419,4514142,271139.62
946,426196,4514091,238764.74000000002
947,426129,4513706,242811.6
948,426754,4514126,250905.32
949,427545,4514319,728434.8
950,428450,4514056,793184.56
951,426736,4513701,242811.6
952,427329,4513708,258999.04
953,427785,4513711,246858.46000000002
954,425875,4513393,56656.04
955,426242,4513394,113312.08
956,425870,4513167,56656.04
957,426237,4513164,113312.08
958,425870,4512918,56656.04
959,426236,4512914,113312.08
960,425869,4512689,56656.04
961,426235,4512666,113312.08
962,426726,4513315,348029.96
963,426721,4512907,174014.98
964,426720,4512674,174014.98
965,427427,4513299,230671.02000000002
966,427878,4513246,178061.84
967,427448,4512851,230671.02000000002
968,427808,4512814,178061.84
969,428770,4512965,1578275.4000000001
970,429654,4513547,1817040.1400000001
971,430435,4512478,2792333.4
972,425873,4512440,56656.04
973,426234,4512442,113312.08
974,425868,4512202,56656.04
975,426231,4512199,113312.08
976,426081,4511948,174014.98
977,425858,4511619,113312.08
978,426239,4511673,230671.02000000002
979,426715,4512432,169968.12
980,426713,4512194,169968.12
981,426718,4511827,348029.96
982,427190,4511822,352076.82
983,427594,4512419,202343
984,427555,4512178,178061.84
985,427672,4511775,343983.10000000003
986,428254,4511851,594888.42
987,428945,4511865,570607.26
988,429468,4511737,275186.48
989,423749,4511222,202343
990,424219,4511242,101171.5
991,423901,4510772,242811.6
992,424143,4510781,153780.68
993,424395,4510786,178061.84
994,424637,4511068,129499.52
995,424643,4510650,84984.06
996,424870,4510906,218530.44
997,425248,4510953,437060.88
998,425731,4510978,433014.02
999,426218,4510960,437060.88
1000,426696,4510968,437060.88
1001,427165,4510948,441107.74
1002,427674,4511040,263045.9
1003,427675,4510565,165921.26
1004,428130,4511016,360170.54000000004
1005,428627,4511133,169968.12
1006,428144,4510607,194249.28
1007,428655,4510678,295420.78
1008,429101,4510882,473482.62
1009,429637,4510918,558466.68
1010,430549,4510951,1412354.1400000001
1011,431761,4510885,841746.88
1012,430564,4510138,744622.24
1013,431627,4510132,481576.34
1014,431403,4509584,246858.46000000002
1015,423888,4510073,352076.82
1016,424170,4510100,210436.72
1017,424384,4510021,218530.44
1018,424617,4510019,214483.58000000002
1019,424883,4510012,214483.58000000002
1020,425240,4510010,433014.02
1021,425716,4510010,433014.02
1022,426199,4510003,433014.02
1023,426668,4510017,433014.02
1024,427174,4510005,433014.02
1025,427668,4510017,433014.02
1026,428150,4510013,449201.46
1027,428634,4510010,433014.02
1028,429089,4509961,433014.02
1029,429605,4509956,433014.02
1030,430089,4509926,522044.94
1031,423830,4509115,356123.68
1032,424175,4509185,210436.72
1033,423858,4508477,125452.66
1034,424130,4508474,80937.2
1035,424371,4508991,303514.5
1036,424617,4509040,214483.58000000002
1037,424868,4509048,214483.58000000002
1038,424712,4508508,165921.26
1039,425220,4509040,433014.02
1040,425705,4509048,428967.16000000003
1041,426202,4509074,428967.16000000003
1042,426682,4509037,433014.02
1043,427155,4509147,327795.66000000003
1044,427662,4509190,254952.18000000002
1045,427159,4508748,101171.5
1046,427623,4508798,174014.98
1047,428147,4509072,428967.16000000003
1048,428633,4509072,416826.58
1049,429071,4509111,433014.02
1050,429603,4509104,433014.02
1051,430071,4509062,433014.02
1052,430628,4509103,550372.96
1053,430949,4508391,368264.26
1054,431394,4507920,161874.4
1055,431257,4508951,412779.72000000003
1056,431678,4508138,538232.38
1057,423806,4508174,149733.82
1058,424125,4508261,24281.16
1059,424343,4508234,40468.6
1060,424148,4508087,76890.34
1061,424371,4508032,64749.76
1062,424765,4508107,214483.58000000002
1063,425219,4508467,165921.26
1064,425709,4508460,165921.26
1065,425220,4508085,206389.86000000002
1066,425690,4508101,210436.72
1067,426206,4508461,169968.12
1068,426183,4508078,198296.14
1069,426680,4508460,174014.98
1070,427145,4508461,165921.26
1071,427639,4508508,109265.22
1072,426666,4508119,157827.54
1073,427210,4508124,194249.28
1074,427722,4508183,145686.96
1075,428374,4508344,667731.9
1076,429282,4508296,764856.54
1077,430383,4507829,1918211.6400000001
1078,423849,4507626,258999.04
1079,424121,4507540,145686.96
1080,424368,4507567,153780.68
1081,424602,4507538,149733.82
1082,424852,4507543,149733.82
1083,423819,4506872,234717.88
1084,424121,4506890,165921.26
1085,424363,4506908,169968.12
1086,424717,4506908,335889.38
1087,425226,4507534,299467.64
1088,425697,4507553,307561.36
1089,425201,4506845,360170.54000000004
1090,425650,4506864,420873.44
1091,426167,4507553,311608.22000000003
1092,426148,4507025,214483.58000000002
1093,423811,4506262,198296.14
1094,424121,4506271,169968.12
1095,424336,4506208,178061.84
1096,424733,4506207,348029.96
1097,424085,4505477,275186.48
1098,424762,4505509,275186.48
1099,424641,4504775,408732.86
1100,424645,4504036,453248.32
1101,425204,4506160,303514.5
1102,425643,4506089,267092.76
1103,426184,4506567,169968.12
1104,426124,4506133,283280.2
1105,425166,4505110,659638.18
1106,425642,4505187,692013.06
1107,426144,4505257,671778.76
1108,425169,4504221,174014.98
1109,425636,4504098,315655.08
1110,425152,4503819,190202.42
1111,425620,4503457,327795.66000000003
1112,426107,4503676,663685.04
1113,426062,4502598,497763.78
1114,424653,4503344,311608.22000000003
1115,424672,4502590,404686
1116,424681,4501970,226624.16
1117,424086,4501240,279233.34
1118,424643,4501350,481576.34
1119,425130,4503263,327795.66000000003
1120,425175,4502544,372311.12
1121,425646,4502449,465388.9
1122,425166,4501854,392545.42
1123,426202,4501508,1521619.36
1124,427253,4501238,825559.4400000001
1125,427259,4500518,615122.72
1126,423909,4500014,437060.88
1127,424446,4500192,1165495.68
1128,423798,4499163,352076.82
1129,424411,4499032,817465.72
1130,425281,4501183,376357.98000000004
1131,425003,4500579,210436.72
1132,425515,4500623,582747.84
1133,426188,4500546,481576.34
1134,425178,4499839,453248.32
1135,425851,4499714,623216.4400000001
1136,426281,4500006,481576.34
1137,425115,4498961,647497.6
1138,425777,4499176,372311.12
1139,425787,4498563,801278.28
1140,426475,4498811,683919.34
1141,427275,4499742,914590.36
1142,427155,4498701,1145261.3800000001
1143,428475,4498876,1052183.6
1144,428417,4498291,675825.62
1145,426652,4507607,356123.68
1146,427274,4507571,590841.56
1147,427786,4507612,169968.12
1148,428341,4507516,748669.1
1149,429191,4507498,392545.42
1150,429830,4507353,234717.88
1151,426520,4506805,202343
1152,426771,4506832,198296.14
1153,427128,4506850,380404.84
1154,427591,4506841,380404.84
1155,426595,4506091,291373.92
1156,427349,4506147,562513.54
1157,427889,4506113,157827.54
1158,428294,4506801,647497.6
1159,429132,4506945,449201.46
1160,429728,4506637,433014.02
1161,430135,4506755,343983.10000000003
1162,428366,4506136,485623.2
1163,428915,4506248,372311.12
1164,429345,4506189,315655.08
1165,430081,4506050,376357.98000000004
1166,430721,4506746,651544.46
1167,430777,4505997,465388.9
1168,431803,4506465,2116507.7800000003
1169,433125,4505774,1525666.22
1170,433307,4503973,1942492.8
1171,432800,4502804,1987008.26
1172,426625,4505047,704153.64
1173,427087,4505167,683919.34
1174,427584,4505092,687966.2000000001
1175,428047,4505169,708200.5
1176,428680,4505260,1092652.2
1177,429329,4505101,627263.3
1178,429971,4505377,594888.42
1179,429935,4504660,522044.94
1180,430762,4505448,513951.22000000003
1181,432045,4505448,959105.8200000001
1182,430691,4504751,627263.3
1183,431809,4504762,1270714.04
1184,426580,4503704,700106.78
1185,427084,4503712,679872.48
1186,427546,4503688,683919.34
1187,426591,4502556,428967.16000000003
1188,427297,4502483,890309.2000000001
1189,428049,4503696,679872.48
1190,428506,4503604,623216.4400000001
1191,428356,4502535,1011715
1192,429030,4504070,550372.96
1193,429936,4504101,485623.2
1194,429192,4503424,522044.94
1195,429891,4503294,692013.06
1196,430721,4504092,441107.74
1197,431469,4504092,570607.26
1198,432339,4504002,311608.22000000003
1199,430721,4503397,639403.88
1200,431541,4503419,558466.68
1201,432128,4503411,384451.7
1202,429300,4502483,700106.78
1203,429954,4502452,457295.18
1204,429500,4501736,412779.72000000003
1205,430215,4501692,809372
1206,430771,4502789,594888.42
1207,431103,4502341,967199.54
1208,431038,4501612,424920.3
1209,431652,4501764,566560.4
1210,427521,4501808,238764.74000000002
1211,428210,4501827,793184.56
1212,428934,4501442,683919.34
1213,428735,4500573,1157401.96
1214,428888,4499800,696059.92
1215,429742,4500861,619169.5800000001
1216,431298,4500731,1537806.8
1217,429627,4499822,756762.8200000001
1218,430497,4499631,2302663.34
1219,430424,4498726,926730.9400000001
1220,432056,4499107,1671353.1800000002
1221,408072,4500918,2869223.74
1222,410036,4498199,3476252.74
1223,410070,4499942,797231.42
1224,410973,4500154,2096273.48
1225,411209,4498408,1084558.48
1226,405692,4496242,11537597.860000001
1227,407736,4494807,2954207.8000000003
1228,406917,4492625,6001493.38
1229,409546,4493978,2622365.2800000003
1230,409315,4492437,2581896.68
1231,410855,4493944,1112886.5
1232,410680,4493165,1145261.3800000001
1233,405166,4489976,6046008.84
1234,406986,4491336,4479874.0200000005
1235,407039,4489828,1715868.6400000001
1236,409479,4491513,983386.98
1237,409438,4490795,1027902.4400000001
1238,409369,4490288,918637.22
1239,409300,4489636,1088605.34
1240,409468,4488986,319701.94
1241,411230,4492191,3330565.7800000003
1242,410943,4490558,2711396.2
1243,410441,4489664,412779.72000000003
1244,410329,4489022,655591.3200000001
1245,410351,4488321,679872.48
1246,411274,4488235,683919.34
1247,406705,4488335,1974867.6800000002
1248,408114,4489087,1764430.96
1249,408052,4488053,1080511.62
1250,408038,4486971,2897551.7600000002
1251,409440,4488380,1035996.16
1252,409524,4487229,1732056.08
1253,410389,4487516,991480.7000000001
1254,411263,4487314,1388072.98
1255,405275,4484034,2585943.54
1256,406580,4485860,2492865.7600000002
1257,407613,4483272,11319067.42
1258,408505,4485729,2104367.2
1259,410421,4485779,3140363.36
1260,410549,4483914,5528010.76
1261,410616,4482389,3634080.2800000003
1262,412105,4486035,1011715
1263,412122,4484975,607029
1264,412239.2776,4483863.70321,2594037.2600000002
1265,408754,4480558,2452397.16
1266,413084,4480492,5333761.48
1267,412011,4498393,1821087
1268,413012,4498338,1141214.52
1269,414124,4498713,1379979.26
1270,414089,4497926,1384026.12
1271,413065,4496776,951012.1
1272,413787,4496737,1594462.84
1273,414650,4496749,1011715
1274,415197,4496761,590841.56
1275,415898,4497740,3925454.2
1276,416527,4498437,1157401.96
1277,417101,4498287,902449.78
1278,417216,4496714,1205964.28
1279,417821,4498236,1230245.44
1280,418582,4498236,1299042.06
1281,419405,4498282,1294995.2
1282,417797,4496710,1222151.72
1283,418606,4496651,1299042.06
1284,419375,4496616,1299042.06
1285,420193,4498256,1303088.92
1286,420203,4496608,1290948.34
1287,420996,4498190,1246432.8800000001
1288,421718,4498889,809372
1289,421726,4497764,457295.18
1290,421008,4496628,1307135.78
1291,421800,4496667,1185729.98
1292,422436,4498542,700106.78
1293,422534,4498014,368264.26
1294,423226,4498389,465388.9
1295,422589,4497659,558466.68
1296,422460,4496960,505857.5
1297,422601.30028,4496282.42175,566560.4
1298,422627.32431,4495195.91851,1270714.04
1299,423296,4497456,473482.62
1300,423190,4496546,558466.68
1301,413146,4494882,1104792.78
1302,414213,4495280,2274335.3200000003
1303,414308,4494078,1817040.1400000001
1304,415295,4494311,1315229.5
1305,415966,4494757,2233866.72
1306,416752,4494946,1023855.5800000001
1307,417165,4495113,526091.8
1308,416970,4493672,376357.98000000004
1309,417637,4495195,1294995.2
1310,418546,4495203,1092652.2
1311,417477,4493714,206389.86000000002
1312,417868,4493890,441107.74
1313,418548,4493863,849840.6
1314,419381,4495346,837700.02
1315,420132,4495485,590841.56
1316,419370,4494487,546326.1
1317,420165,4494561,785090.84
1318,419343,4493775,566560.4
1319,420170,4493771,558466.68
1320,420951,4495584,356123.68
1321,420964,4494773,1019808.7200000001
1322,421720,4495133,1230245.44
1323,420937,4493775,574654.12
1324,422031,4493831,1226198.58
1325,423222,4495299,611075.86
1326,423214,4493900,1031949.3
1327,412972,4492634,1893930.48
1328,413789,4492948,1254526.6
1329,414542,4493230,619169.5800000001
1330,414571,4492217,505857.5
1331,414096,4491459,1768477.82
1332,415254,4493267,457295.18
1333,415987,4492999,870074.9
1334,416875,4493050,667731.9
1335,415622,4492298,1319276.36
1336,416906,4492228,594888.42
1337,415693,4491493,1193823.7
1338,416858,4491411,619169.5800000001
1339,417558,4493043,445154.60000000003
1340,417988,4493083,238764.74000000002
1341,418535,4493014,667731.9
1342,417718,4492198,647497.6
1343,418506,4492220,627263.3
1344,417685,4491249,1044089.88
1345,418502,4491201,975293.26
1346,419350,4493034,607029
1347,420145,4493016,643450.74
1348,419333,4492206,687966.2000000001
1349,420142,4492227,651544.46
1350,420920,4492206,651544.46
1351,419362,4491211,979340.12
1352,420132,4491230,975293.26
1353,420942,4491207,955058.9600000001
1354,420935,4493005,659638.18
1355,421853,4492994,918637.22
1356,421732,4492171,744622.24
1357,421775,4491121,987433.8400000001
1358,422603,4490883,1149308.24
1359,422861,4492924,821512.5800000001
1360,422827,4492281,1019808.7200000001
1361,415427,4490833,522044.94
1362,416577,4490837,627263.3
1363,415045,4488141,594888.42
1364,415786.16672,4488440.43944,732481.66
1365,416355.37964,4488185.56798,493716.92000000004
1366,417718,4490249,546326.1
1367,418504,4489740,1578275.4000000001
1368,416955,4488208,526091.8
1369,417635,4488215,538232.38
1370,418426,4488185,772950.26
1371,419294,4489608,1626837.72
1372,420132,4490139,785090.84
1373,420084,4489125,837700.02
1374,420703,4489621,886262.3400000001
1375,421088,4489344,736528.52
1376,419691,4488185,1311182.6400000001
1377,420884,4488138,667731.9
1378,421989,4489836,1748243.52
1379,421840,4488919,837700.02
1380,421768,4488205,732481.66
1381,423131,4491616,356123.68
1382,423262,4490904,651544.46
1383,423174,4489235,1432588.44
1384,415332,4487143,2282429.04
1385,416261,4487253,1258573.46
1386,416966,4487006,1007668.14
1387,417504,4486992,878168.62
1388,418312,4487111,1723962.36
1389,419266,4486951,1205964.28
1390,420020,4487060,1392119.84
1391,420946,4487079,1290948.34
1392,421686,4487065,1371885.54
1393,422588,4487703,1359744.96
1394,424221,4487471,744622.24
1395,415682.16406,4485705.85168,607029
1396,415703,4484892,687966.2000000001
1397,416228.4974,4485397.65532,918637.22
1398,416957,4485476,1137167.6600000001
1399,417559,4485353,1048136.74
1400,417778,4484237,801278.28
1401,418326,4485700,785090.84
1402,418349,4484924,752715.9600000001
1403,418600,4484189,441107.74
1404,419248,4485769,602982.14
1405,419979,4485686,752715.9600000001
1406,419549,4484938,1230245.44
1407,419650,4484166,1282854.62
1408,420855,4485581,967199.54
1409,420855,4484331,1052183.6
1410,423934,4486020,1343557.52
1411,422755,4484467,1343557.52
1412,423877,4484794,1865602.46
1413,423906,4483898,481576.34
1414,423526.64439,4483285.02303,1290948.34
1415,421782,4482514,938871.52
1416,423311.77906,4482549.52248,2015336.28
1417,415392,4483987,1347604.3800000001
1418,416591,4484165,910543.5
1419,416779,4483185,1108839.6400000001
1420,417614,4483176,1088605.34
1421,418471,4483142,926730.9400000001
1422,419269,4483104,951012.1
1423,420009,4483161,987433.8400000001
1424,420768,4483209,1400213.56
1425,422538,4481738,1687540.62
1426,420271,4478306,3290097.18
1427,420913,4478535,2950160.94
1428,423826,4498309,392545.42
1429,424361,4498130,449201.46
1430,423778,4497586,331842.52
1431,424293,4497480,570607.26
1432,423704,4496439,772950.26
1433,424344,4496502,558466.68
1434,425044,4497580,813418.86
1435,425784,4497490,878168.62
1436,425071,4496695,453248.32
1437,425763,4496741,530138.66
1438,424924,4496139,360170.54000000004
1439,425676,4496070,598935.28
1440,426495,4497590,477529.48000000004
1441,426915,4497670,299467.64
1442,426465,4496850,404686
1443,427323,4497145,501810.64
1444,426935,4496235,1100745.92
1445,427445,4497840,307561.36
1446,428157,4497851,477529.48000000004
1447,429001,4497856,687966.2000000001
1448,428137,4497024,1201917.42
1449,429071,4496840,683919.34
1450,429254,4496124,473482.62
1451,429807,4497870,882215.48
1452,430607,4497980,1214058
1453,431348,4498233,615122.72
1454,432158,4497768,1133120.8
1455,432906,4497490,914590.36
1456,429846,4496822,890309.2000000001
1457,430604,4496756,1027902.4400000001
1458,430099,4495771,874121.76
1459,431048,4495419,651544.46
1460,431540,4496903,955058.9600000001
1461,431348,4496049,655591.3200000001
1462,432421,4496360,1715868.6400000001
1463,432867,4494641,1549947.3800000001
1464,432916,4492225,1165495.68
1465,423739,4495679,404686
1466,424359,4495652,279233.34
1467,423887,4494904,594888.42
1468,424365,4495061,348029.96
1469,423925,4494125,538232.38
1470,424379,4493982,534185.52
1471,425384,4495559,643450.74
1472,424760,4495013,388498.56
1473,425270,4494970,570607.26
1474,425858,4494863,489670.06
1475,426624,4495455,692013.06
1476,427398,4495344,700106.78
1477,426606,4494525,607029
1478,427443,4494552,607029
1479,428549,4495954,1428541.58
1480,428556,4495228,898402.92
1481,429242,4494703,611075.86
1482,428431,4494525,1044089.88
1483,430007,4495149,505857.5
1484,430649,4494195,2812567.7
1485,432154,4494204,3002770.12
1486,424846,4493925,400639.14
1487,425202,4493921,279233.34
1488,425797,4494312,437060.88
1489,425697,4493732,522044.94
1490,426488,4493839,530138.66
1491,427351,4493872,550372.96
1492,427317,4493050,890309.2000000001
1493,428209,4493732,623216.4400000001
1494,428877,4493679,461342.04000000004
1495,428164,4493020,574654.12
1496,429099,4492895,785090.84
1497,430391,4493073,1849415.02
1498,431468,4492877,1889883.62
1499,424270,4493000,631310.16
1500,424283,4492346,404686
1501,424783,4493077,331842.52
1502,425188,4493037,307561.36
1503,425729,4492998,667731.9
1504,424803,4492140,465388.9
1505,425201,4492221,279233.34
1506,425720,4492214,675825.62
1507,424868,4491176,323748.8
1508,425584,4491538,489670.06
1509,426509,4492976,607029
1510,426866,4492113,1339510.6600000001
1511,426903,4491538,598935.28
1512,427477,4491298,687966.2000000001
1513,428153,4492147,635357.02
1514,428888,4492147,530138.66
1515,429721,4491865,1286901.48
1516,430653,4491697,1177636.26
1517,428366,4491223,1792758.98
1518,429633,4490730,1355698.1
1519,430711,4490790,1618744
1520,432032,4491646,477529.48000000004
1521,432456,4491348,886262.3400000001
1522,424180,4491071,461342.04000000004
1523,424247,4490495,368264.26
1524,424277,4489489,930777.8
1525,424916,4490537,602982.14
1526,425695,4490728,979340.12
1527,426824,4490527,1254526.6
1528,425027,4489750,720341.0800000001
1529,425806,4489711,546326.1
1530,425009,4488967,797231.42
1531,425812,4488930,473482.62
1532,426473,4489679,647497.6
1533,427352,4489735,635357.02
1534,426569,4488900,639403.88
1535,427315,4488908,631310.16
1536,428130,4489748,1007668.14
1537,428142,4488900,619169.5800000001
1538,428973,4489200,1270714.04
1539,430558,4489568,1796805.84
1540,431916,4490097,2375506.8200000003
1541,430287,4488439,2836848.86
1542,424900,4488137,659638.18
1543,425599,4488026,388498.56
1544,426013,4488137,319701.94
1545,424967,4487009,902449.78
1546,425774,4487009,1319276.36
1547,426589,4487935,1068371.04
1548,427327,4487682,1290948.34
1549,427307,4486677,453248.32
1550,428079,4487779,1274760.9000000001
1551,429000,4488296,732481.66
1552,427958,4486529,125452.66
1553,428921,4487247,1744196.6600000001
1554,429820,4487176,1517572.5
1555,424898,4485936,991480.7000000001
1556,426003,4486012,1420447.86
1557,424903,4484679,1068371.04
1558,425860,4484664,1606603.4200000002
1559,427030,4486167,979340.12
1560,428059,4486231,174014.98
1561,428727,4485838,1040043.02
1562,427157,4485356,1023855.5800000001
1563,428015,4485309,1116933.36
1564,428808,4485057,489670.06
1565,427061,4484387,1821087
1566,424740,4483155,1003621.28
1567,425647,4483259,1303088.92
1568,424355,4482194,348029.96
1569,428564,4484034,2132695.22
1570,426819,4483145,659638.18
1571,427204,4482655,2023430
1572,428807,4482270,6673272.140000001
1573,425590,4482521,1080511.62
1574,424689,4482031,339936.24
1575,424279,4481545,493716.92000000004
1576,424886.08081,4480900.84427,7462409.84
1577,415794.2901,4454738.14589,22358901.5
1578,414809.39817,4456524.70571,2258147.88
1579,413645.40481,4458703.92846,4293718.46
1580,412147.54981,4456642.99646,2448350.3000000003
1581,411962.72457,4458036.49474,2658787.02
1582,412207.81982,4459693.9024,2610224.7
1583,408636.99002,4456705.94855,2509053.2
1584,407080.55619,4456454.24692,3715017.48
1585,407420.43222,4457685.02653,837700.02
1586,406448.73906,4458244.90047,13508418.68
1587,407447.57037,4458901.94051,1715868.6400000001
1588,408929.54605,4458067.39612,2865176.88
1589,410533.50862,4458065.93081,2634505.86
1590,408944.66073,4460031.51647,2622365.2800000003
1591,410538.67959,4459706.0939,2638552.72
1592,408665.50169,4461522.00332,2634505.86
1593,407396.10424,4460216.04881,1023855.5800000001
1594,407191.12073,4461486.98727,2339085.08
1595,406239.73826,4460488.73018,1493291.34
1596,406089.14261,4461735.37502,951012.1
1597,411689.5169,4460968.71019,679872.48
1598,410577.45134,4464519.59469,1958680.24
1599,408827.68067,4463059.57163,2674974.46
1600,407180.76236,4462787.55367,2035570.58
1601,405768.16473,4462979.41493,5163793.36
1602,407201.63179,4464132.09247,2310757.06
1603,406001.32963,4464405.48451,1112886.5
1604,411233.83827,4465642.64202,651544.46
1605,411256.1008,4466444.36141,647497.6
1606,411277.03641,4467251.1013,635357.02
1607,411373.34176,4468152.69378,760809.68
1608,410556.62944,4467912.63653,372311.12
1609,409525.49688,4467244.60775,821512.5800000001
1610,407379.76744,4465377.66749,1772524.6800000002
1611,406271.5513,4466099.10483,4645795.28
1612,409236.31979,4467947.17986,1825133.86
1613,407466.23902,4467657.46329,6381898.22
1614,411270.2949,4468900.86514,619169.5800000001
1615,410458.33639,4468693.25808,959105.8200000001
1616,410982.69355,4470969.60833,2606177.84
1617,413085.17824,4463461.3792,825559.4400000001
1618,413191.52503,4464201.05593,1125027.08
1619,413579.32844,4464900.65235,396592.28
1620,413727.63959,4465636.75761,744622.24
1621,412047.82964,4465630.1335,639403.88
1622,413936.34842,4466428.21234,1035996.16
1623,412061.03639,4466432.81221,647497.6
1624,412075.90931,4467242.22792,651544.46
1625,413739.31011,4467574.98822,1509478.78
1626,412097.31319,4468043.13728,635357.02
1627,412922.25028,4468922.90649,785090.84
1628,412262.8455,4468664.62333,348029.96
1629,416964.30185,4469675.06768,748669.1
1630,415567.08119,4469347.65675,4423217.98
1631,413843.835,4469107.40035,1359744.96
1632,416145.63099,4470974.22493,2743771.08
1633,414130.18938,4470830.87316,2848989.44
1634,412886.39115,4469715.6119,554419.8200000001
1635,412107.13477,4469433.06972,882215.48
1636,420195.06574,4445998.69795,7915658.16
1637,418735.80738,4446870.59513,27684569.26
1638,422396.00538,4449481.73837,11994893.040000001
1639,420287.37856,4470903.26194,319701.94
1640,418835.39766,4470133.02488,1112886.5
1641,417942.68252,4470018.66811,1388072.98
1642,422567.13016,4470850.60691,538232.38
1643,417630.75839,4471021.95382,1185729.98
1644,420228.89651,4471714.98194,615122.72
1645,420089.9134,4472851.3594,760809.68
1646,421451.27677,4474530.97708,586794.7000000001
1647,420225.85806,4474317.93803,1355698.1
1648,422583.59716,4471412.09596,497763.78
1649,423511.40565,4472290.00532,1145261.3800000001
1650,421920.22995,4474437.8328,522044.94
1651,422794.68158,4475276.36151,1469010.18
1652,420604.31799,4475348.20478,3545049.3600000003
1653,425992.3751,4470685.67314,679872.48
1654,425165.69841,4470698.46704,687966.2000000001
1655,424347.91467,4470500.17746,789137.7000000001
1656,423462.42089,4470379.59958,1537806.8
1657,428420.70089,4469909.11396,700106.78
1658,427564.36646,4470046.28123,643450.74
1659,426839.77797,4469964.85072,493716.92000000004
1660,426885.10752,4470700.11784,781043.98
1661,429317.98402,4470688.58039,343983.10000000003
1662,428785.10752,4470482.11128,679872.48
1663,428787.78529,4471045.80111,161874.4
1664,428159.87487,4470771.28603,368264.26
1665,427692.23193,4470813.577,343983.10000000003
1666,428865.81698,4471543.9297,477529.48000000004
1667,428289.30401,4471396.97542,412779.72000000003
1668,427705.25492,4471472.33659,364217.4
1669,427984.09126,4472131.74685,659638.18
1670,427109.90165,4472086.53015,457295.18
1671,426891.87736,4471302.83999,400639.14
1672,426002.36931,4471310.88711,343983.10000000003
1673,425172.98782,4471325.95977,352076.82
1674,426725.78538,4471841.48906,449201.46
1675,426006.07451,4471943.47118,692013.06
1676,425179.37661,4471954.58762,692013.06
1677,424088.81543,4471663.31304,1553994.24
1678,426797.15279,4472764.7807,1080511.62
1679,425935.61729,4472689.56536,505857.5
1680,425182.14946,4472795.63236,679872.48
1681,424211.25101,4472837.05552,890309.2000000001
1682,426081.22165,4473529.69661,1048136.74
1683,425149.20933,4473526.84088,534185.52
1684,424317.25621,4473538.96768,627263.3
1685,429965.01883,4471749.12415,890309.2000000001
1686,429196.26011,4471994.68749,570607.26
1687,429949.95656,4472765.08614,647497.6
1688,429173.97978,4472731.72488,582747.84
1689,428169.60109,4472772.27342,659638.18
1690,429946.6914,4473974.06197,1286901.48
1691,429159.66371,4473465.35187,611075.86
1692,429112.02398,4474162.25979,825559.4400000001
1693,428229.18782,4473512.40337,679872.48
1694,427340.98688,4473534.70958,951012.1
1695,426689.27421,4474419.32707,679872.48
1696,427464.60585,4474445.22063,647497.6
1697,428307.1102,4474409.52706,623216.4400000001
1698,429142.13736,4475117.7533,781043.98
1699,428241.77777,4475294.98944,647497.6
1700,427404.3438,4475204.02818,833653.16
1701,430041.66199,4475734.04285,663685.04
1702,429136.01601,4475795.89165,327795.66000000003
1703,428310.07827,4475822.05319,348029.96
1704,427456.32745,4475845.81364,453248.32
1705,426655.85049,4475895.28133,364217.4
1706,429455.35479,4476622.28342,1489244.48
1707,428410.01834,4476436.58523,752715.9600000001
1708,427624.66948,4476452.5416,441107.74
1709,427018.47519,4476479.92773,416826.58
1710,428878.25278,4477408.89088,2003195.7
1711,427419.40208,4477177.23724,594888.42
1712,425997.6651,4474763.62786,493716.92000000004
1713,426074.42851,4475877.18472,238764.74000000002
1714,425613.54375,4475876.20896,287327.06
1715,425027.72005,4475704.37723,384451.7
1716,425741.392,4474254.32561,279233.34
1717,425209.382,4474419.76774,461342.04000000004
1718,424411.36701,4474403.54792,509904.36000000004
1719,424181.09641,4476181.05676,117358.94
1720,423276.42652,4476835.62214,744622.24
1721,422718.46825,4477574.13907,938871.52
1722,426126.24687,4476489.41637,408732.86
1723,425604.28591,4476278.32841,307561.36
1724,426556.44381,4476870.89477,675825.62
1725,425364.56109,4477074.64549,283280.2
1726,425089.02028,4477160.95948,408732.86
1727,424807.44454,4476940.11192,384451.7
1728,424799.00231,4476518.6616,554419.8200000001
1729,424448.30491,4476357.57543,445154.60000000003
1730,425189.70005,4477795.19877,1347604.3800000001
1731,424044.33154,4477589.79855,412779.72000000003
1732,423402.52374,4477726.37602,789137.7000000001
1733,424566.90464,4478344.49658,2063898.6
1734,423781.64087,4478514.70154,1153355.1
1735,429754.37019,4480427.17675,6175508.36
1736,431239.40896,4478107.18817,2958254.66
1737,432599.77032,4478666.06388,2229819.86
1738,433625.06048,4479458.86462,2144835.8000000003
1739,431197.90482,4476996.9459,2411928.56
1740,432436.93151,4477302.74669,752715.9600000001
1741,433609.14819,4478016.12474,1371885.54
1742,431603.92718,4476240.98675,530138.66
1743,432838.6644,4476508.13341,1545900.52
1744,435649.29458,4480663.46131,4026625.7
1745,434487.09297,4479232.87503,1181683.12
1746,435477.42269,4479273.14059,1230245.44
1747,434221.02933,4478092.69651,437060.88
1748,434875.57089,4478341.26831,817465.72
1749,435876.16078,4478045.70116,1853461.8800000001
1750,433973.89189,4477227.34159,708200.5
1751,434967.74288,4477259.4938,995527.56
1752,433908.81884,4476466.24501,789137.7000000001
1753,434766.38485,4476482.30998,817465.72
1754,435681.41934,4476327.32042,578700.98
1755,430559.99925,4475331.76687,1274760.9000000001
1756,431557.81449,4475386.15824,987433.8400000001
1757,432369.74284,4475423.94661,983386.98
1758,433058.51753,4475402.29097,683919.34
1759,433851.23614,4475460.96971,1072417.9000000001
1760,430719.17209,4473989.92332,1205964.28
1761,431522.48835,4473967.75499,1392119.84
1762,432653.96348,4474193.21251,1238339.1600000001
1763,433480.25728,4474219.17274,1092652.2
1764,432365.43518,4473465.9238,651544.46
1765,431187.4424,4472774.69154,1189776.84
1766,432403.43785,4472796.15609,785090.84
1767,430892.3658,4471904.67553,1044089.88
1768,431675.99029,4471898.69858,461342.04000000004
1769,432303.74275,4471968.66368,675825.62
1770,433196.37246,4471915.83401,1242386.02
1771,434903.77014,4475376.9632,1246432.8800000001
1772,435829.59767,4475340.40689,809372
1773,434748.89985,4474472.58869,469435.76
1774,435680.84679,4474497.09042,878168.62
1775,436419.59448,4474833.13942,546326.1
1776,434068.64259,4474035.69775,789137.7000000001
1777,434871.03645,4473552.40062,1137167.6600000001
1778,435781.34613,4473618.59293,1007668.14
1779,436824.79553,4472740.62692,1626837.72
1780,433885.1676,4472871.58056,1707774.9200000002
1781,434922.75031,4472466.67024,1582322.26
1782,436144.5673,4472121.9596,1659212.6
1783,430802.40527,4471082.76276,740575.38
1784,431870.3437,4471025.18775,971246.4
1785,432897.0147,4471020.28124,789137.7000000001
1786,434021.01036,4471010.16019,1327370.08
1787,429968.75338,4470841.33524,801278.28
1788,430555.33673,4470287.6705,615122.72
1789,431398.54792,4470126.20674,538232.38
1790,432082.01632,4470351.00299,388498.56
1791,432895.97151,4470350.65611,400639.14
1792,434041.18885,4470172.38728,1104792.78
1793,432330.94827,4470008.73342,174014.98
1794,432988.50308,4469886.2484,299467.64
1795,434057.1575,4469501.55416,594888.42
1796,431158.11195,4469750.65932,254952.18000000002
1797,431946.49443,4469525.88656,607029
1798,432327.4405,4469766.69353,157827.54
1799,432949.17174,4469015.0899,963152.68
1800,433761.35593,4468945.78507,866028.04
1801,434471.99276,4468821.22493,339936.24
1802,433789.33077,4468131.34313,732481.66
1803,434518.91781,4467921.58107,505857.5
1804,434625.88214,4467258.34671,327795.66000000003
1805,429830.63162,4470102.38382,364217.4
1806,429982.63914,4469631.0416,744622.24
1807,431413.48173,4468903.54603,1205964.28
1808,432343.36859,4468098.97084,1137167.6600000001
1809,432931.46515,4468055.80779,449201.46
1810,433534.95811,4467681.68562,222577.30000000002
1811,433971.21199,4466949.35552,1027902.4400000001
1812,435133.9372,4471116.45839,817465.72
1813,435977.20176,4471045.70773,821512.5800000001
1814,436791.03043,4471022.16829,793184.56
1815,435130.44887,4470146.95504,692013.06
1816,435961.35281,4470134.90503,687966.2000000001
1817,436787.15459,4470120.36104,683919.34
1818,437591.9095,4470221.49535,1153355.1
1819,435138.26759,4469364.23006,602982.14
1820,435980.50302,4469080.28279,813418.86
1821,436812.15535,4469082.92058,1052183.6
1822,437821.39692,4469325.81897,866028.04
1823,438752.99941,4469844.68882,1068371.04
1824,437619.52973,4468547.10241,615122.72
1825,438523.69638,4468491.98885,942918.38
1826,439528.89563,4468688.92994,1290948.34
1827,436562.8107,4468327.12894,157827.54
1828,437005.21193,4468189.49415,287327.06
1829,437857.55209,4467580.13458,789137.7000000001
1830,438855.16499,4467597.50927,1234292.3
1831,440005.87688,4467596.75417,1068371.04
1832,438473.76057,4466735.13306,485623.2
1833,439456.10045,4466810.7201,1270714.04
1834,440855.51323,4466547.84698,886262.3400000001
1835,439069.52234,4465890.66418,287327.06
1836,439599.13435,4465658.71731,1003621.28
1837,440497.07195,4465629.69549,1120980.22
1838,441864.48211,4465411.30732,1404260.4200000002
1839,435087.33592,4468671.03953,522044.94
1840,435876.38711,4468530.99271,384451.7
1841,435041.39576,4467966.29312,481576.34
1842,435377.70134,4467525.88961,242811.6
1843,435825.0989,4467780.89096,433014.02
1844,436512.77301,4467734.47714,424920.3
1845,437024.52411,4467695.98398,194249.28
1846,436217.18499,4467201.88593,732481.66
1847,437407.23644,4467255.28493,368264.26
1848,435185.98091,4466838.41965,437060.88
1849,436236.02202,4466723.00339,696059.92
1850,437766.75409,4466671.55197,663685.04
1851,434856.00388,4466325.48288,1177636.26
1852,435929.54295,4465429.08917,1226198.58
1853,436475.05256,4466007.42516,1651118.8800000001
1854,437702.22513,4466081.58025,861981.18
1855,437837.5242,4465314.58504,918637.22
1856,438852.64688,4465482.6167,704153.64
1857,437863.39862,4464692.27203,809372
1858,436539.75935,4464642.4864,1614697.1400000001
1859,437798.91112,4463792.50914,602982.14
1860,437924.69741,4463030.63074,635357.02
1861,437979.75893,4462228.50829,566560.4
1862,437982.21117,4461399.78798,570607.26
1863,437973.29151,4460590.40184,590841.56
1864,437996.3071,4459780.83917,574654.12
1865,438238.29274,4459017.85063,566560.4
1866,438732.87042,4458219.09784,513951.22000000003
1867,438425.5678,4457518.2703,1266667.18
1868,439242.1106,4457388.3392,720341.0800000001
1869,438829.51154,4464636.46062,655591.3200000001
1870,439487.0267,4464607.22484,323748.8
1871,438246.99559,4464022.89201,214483.58000000002
1872,438833.42181,4463829.38418,655591.3200000001
1873,439621.6469,4463809.02133,611075.86
1874,438783.58251,4463027.28257,732481.66
1875,439759.25973,4463011.7253,809372
1876,438791.13028,4462214.65889,756762.8200000001
1877,439655.26661,4462214.03035,683919.34
1878,440472.80089,4462102.19866,384451.7
1879,438793.81357,4461394.45658,744622.24
1880,439657.34958,4461388.94663,651544.46
1881,440395.10665,4461421.85043,602982.14
1882,439821.85616,4464718.6306,327795.66000000003
1883,440700.88198,4464696.13781,955058.9600000001
1884,441872.21367,4464727.06406,930777.8
1885,442517.79912,4464425.53313,793184.56
1886,440422.3295,4463848.09287,692013.06
1887,441223.49257,4463834.49568,602982.14
1888,442031.67606,4463815.84694,712247.36
1889,440564.35154,4463045.63333,497763.78
1890,441282.03791,4463012.35482,663685.04
1891,442094.43254,4463008.84835,659638.18
1892,443198.1766,4463138.22801,1541853.6600000001
1893,440669.95573,4462225.90366,283280.2
1894,441286.6477,4462195.00491,663685.04
1895,442097.71042,4462189.64308,659638.18
1896,442902.42655,4462185.14383,655591.3200000001
1897,443584.75472,4462272.29303,319701.94
1898,440932.82885,4461526.19727,230671.02000000002
1899,441389.29738,4461374.07543,501810.64
1900,442101.85507,4461361.33177,675825.62
1901,442943.38723,4461366.64036,736528.52
1902,438796.32286,4460588.67407,736528.52
1903,439660.77498,4460580.45581,647497.6
1904,440459.09504,4460541.0532,627263.3
1905,440947.64756,4460576.07442,178061.84
1906,438802.16693,4459782.12504,740575.38
1907,439667.95976,4459774.96605,655591.3200000001
1908,440482.14916,4459752.92172,671778.76
1909,441203.12603,4459650.53305,364217.4
1910,439108.76989,4458999.6674,1282854.62
1911,440490.81515,4458943.05378,647497.6
1912,441148.50575,4458896.59003,388498.56
1913,441529.91211,4458943.59883,169968.12
1914,440490.427,4458504.08389,149733.82
1915,441302.26123,4458424.42592,157827.54
1916,441334.46155,4460556.74812,522044.94
1917,442110.08467,4460535.45332,655591.3200000001
1918,442841.95103,4460548.65947,522044.94
1919,441516.03665,4459782.6031,307561.36
1920,442115.39706,4459722.61721,647497.6
1921,442866.00813,4459740.40603,554419.8200000001
1922,441993.76074,4459042.62287,513951.22000000003
1923,442106.26,4458495.48906,368264.26
1924,442689.84408,4458760.07825,1218104.86
1925,439638.56439,4458151.98181,574654.12
1926,439977.48583,4458257.70043,117358.94
1927,440521.85737,4458234.96135,105218.36
1928,441382.3009,4458230.57983,210436.72
1929,440258.62802,4457264.5487,1031949.3
1930,440562.3632,4457809.58989,635357.02
1931,441431.33403,4457912.3725,400639.14
1932,441257.83384,4457366.93372,530138.66
1933,441884.40522,4457226.86286,489670.06
1934,442304.10005,4458107.17902,348029.96
1935,442390.59934,4457620.50705,384451.7
1936,443895.50412,4462085.49353,433014.02
1937,444129.36777,4461792.48426,214483.58000000002
1938,443515.17066,4461344.50555,343983.10000000003
1939,444018.95951,4461252.82636,210436.72
1940,444294.76409,4461134.62439,1096699.06
1941,445834.01635,4460577.7618,1080511.62
1942,443422.69626,4460540.98786,364217.4
1943,443645.96664,4459952.60474,1023855.5800000001
1944,444244.8566,4459621.63924,258999.04
1945,444644.11657,4459944.72461,870074.9
1946,445272.64276,4459943.97256,898402.92
1947,443747.15886,4458855.75574,1347604.3800000001
1948,444238.51905,4459049.50369,271139.62
1949,444477.13566000003,4458437.5209,922684.0800000001
1950,445432.10822,4458659.20497,1452822.74
1951,444537.78344,4457532.34584,631310.16
1952,445664.85642,4457743.18972,1230245.44
1953,443305.09411,4457422.0653,368264.26
1954,443801.01427,4456943.7173,372311.12
1955,442704.9071,4457242.13149,388498.56
1956,443037.58528,4456907.14381,267092.76
1957,443354.85602,4456705.22992,214483.58000000002
1958,442558.20556,4456664.37277,222577.30000000002
1959,443061.82332,4456298.47671,242811.6
1960,443473.92654,4456131.96509,352076.82
1961,443839.99342,4456110.31274,186155.56
1962,444135.11574,4456759.56739,311608.22000000003
1963,444778.61187,4456803.72133,667731.9
1964,445498.88086,4456674.83124,501810.64
1965,446199.92016,4456770.51329,748669.1
1966,444095.22632,4456068.14208,117358.94
1967,444089.05706,4455431.00651,145686.96
1968,445008.94497,4455832.97944,1367838.68
1969,445695.21202,4455800.87631,870074.9
1970,446378.38287,4455718.63362,590841.56
1971,444274.36674,4454860.34321,258999.04
1972,444805.16874,4454894.96257,214483.58000000002
1973,445153.86807,4454992.34156,145686.96
1974,445583.25514,4454796.62609,303514.5
1975,446097.6038,4454601.42148,481576.34
1976,444269.8637,4454422.44529,258999.04
1977,444784.75737,4454418.16139,190202.42
1978,445147.59221,4454522.87813,125452.66
1979,445496.63051,4454285.7635,267092.76
1980,444119.15485,4454054.46567,89030.92
1981,444416.24654,4454051.16949,84984.06
1982,444780.22802,4454046.50674,129499.52
1983,445143.52707,4454099.60963,117358.94
1984,445976.76285,4453888.76972,720341.0800000001
1985,441325.07487,4456524.17017,659638.18
1986,442121.61904,4456456.31705,594888.42
1987,441194.09833,4455766.32469,995527.56
1988,442054.78735,4455731.07976,550372.96
1989,442616.39068,4455539.81926,574654.12
1990,443033.20565,4455398.42062,267092.76
1991,443413.75415,4455466.10281,315655.08
1992,443836.91965,4455430.8365,202343
1993,441703.47836,4454949.63104,546326.1
1994,442317.12718,4454843.09988,352076.82
1995,442996.56095,4454875.18704,202343
1996,443456.04608,4454868.71652,194249.28
1997,443840.1153,4454859.81767,129499.52
1998,441635.39267,4454310.41091,299467.64
1999,442266.15737,4454288.21942,635357.02
2000,442927.00435,4454438.09122,258999.04
2001,443449.13482,4454432.50614,194249.28
2002,443822.96065,4454427.46059,129499.52
2003,442922.52674,4454069.08934,178061.84
2004,443444.12415,4454062.21278,133546.38
2005,443818.23658,4454057.73217,89030.92
2006,438970.82581,4456464.73405,999574.42
2007,440153.35002,4456194.99314,1242386.02
2008,438424.87661,4454829.97812,1922258.5
2009,439247.87706,4455236.23051,878168.62
2010,439749.36483,4455544.93236,813418.86
2011,440377.46436,4455203.6966,339936.24
2012,440195.57186,4454622.56846,683919.34
2013,441044.21772,4454653.04469,161874.4
2014,438791.25316,4454225.99121,837700.02
2015,440085.22056,4454188.17603,740575.38
2016,441238.79233,4454171.91517,319701.94
2017,438810.36873,4453667.20676,1234292.3
2018,439717.23406,4453558.83529,768903.4
2019,440469.08492,4453533.61669,602982.14
2020,441200.5579,4453493.7736,574654.12
2021,441826.40984,4453397.26235,485623.2
2022,440538.594,4452619.54075,607029
2023,441200.85459,4452540.40519,724387.9400000001
2024,441928.54613,4452634.49891,663685.04
2025,442548.56881,4452536.77224,287327.06
2026,442451.98078,4453606.58699,388498.56
2027,442918.82613,4453694.73746,263045.9
2028,443550.64838,4453724.54997,198296.14
2029,443814.28932,4453683.8307,133546.38
2030,442913.60186,4453252.72791,254952.18000000002
2031,443433.81794,4453246.09127,194249.28
2032,443811.5011,4453229.56588,137593.24
2033,442890.6675,4452817.68522,299467.64
2034,443433.50128,4452804.32154,194249.28
2035,443877.85957,4452716.68762,125452.66
2036,444142.79365,4453706.69974,133546.38
2037,444409.88697,4453663.87541,129499.52
2038,444792.90629,4453686.89674,194249.28
2039,445220.73229,4453656.38328,287327.06
2040,444206.49474,4453239.15189,267092.76
2041,444834.61983,4453218.66282,242811.6
2042,445215.65949,4453264.75279,89030.92
2043,445655.46214,4453041.35603,522044.94
2044,446173.43595,4452976.31326,376357.98000000004
2045,445221.22603,4452502.52775,598935.28
2046,445711.19786,4451778.92698,465388.9
2047,446063.89744,4452264.32722,534185.52
2048,446563.58463,4452265.91003,287327.06
2049,446311.63035,4451576.86516,372311.12
2050,446705.52207,4450314.36783,497763.78
2051,446941.03684,4450862.51112,861981.18
2052,447315.814,4449158.40311,1440682.1600000001
2053,446655.26273,4449136.8634,805325.14
2054,445973.17175,4449380.98017,825559.4400000001
2055,445484.93821,4448519.39156,890309.2000000001
2056,445989.33466,4448477.13277,384451.7
2057,446956.81874,4448433.2327,805325.14
2058,445430.07897,4447711.90554,627263.3
2059,446012.62942,4447742.24492,659638.18
2060,446931.16799,4447636.80044,485623.2
2061,445434.60214,4446893.2105,659638.18
2062,445966.61728,4446870.87731,696059.92
2063,446910.88553,4446853.12302,655591.3200000001
2064,445443.6485,4446169.50217,493716.92000000004
2065,445951.8934,4446227.93439,501810.64
2066,446953.26428,4446137.53454,526091.8
2067,448329.44765,4448743.49685,433014.02
2068,447659.44998,4448222.22625,489670.06
2069,448312.03377,4448218.51023,372311.12
2070,448972.99324,4447509.11524,918637.22
2071,448339.10815,4447558.60197,493716.92000000004
2072,447788.71741,4447465.25317,513951.22000000003
2073,447692.68228,4446748.62464,384451.7
2074,448318.3356,4446743.06864,384451.7
2075,449034.37277,4446739.53245,505857.5
2076,449883.8752,4446660.75276,477529.48000000004
2077,447689.1864,4446129.50838,384451.7
2078,448311.53351,4446122.50936,384451.7
2079,448923.80126,4446116.90392,372311.12
2080,449623.66702,4446109.18747,493716.92000000004
2081,450613.98635,4446060.34068,752715.9600000001
2082,445161.03693,4445531.61758,659638.18
2083,445999.25561,4445508.06982,647497.6
2084,446969.46196,4445432.10949,704153.64
2085,445140.75723,4444647.42298,805325.14
2086,445907.57869,4444477.8173,481576.34
2087,446600.67718,4444588.01856,906496.64
2088,447510.7404,4444572.82068,1044089.88
2089,448155.20457,4444489.86173,526091.8
2090,445359.79587,4443530.95989,975293.26
2091,447349.19733,4443609.3461,712247.36
2092,447825.24847,4443317.72356,643450.74
2093,447749.41663,4445547.99726,287327.06
2094,448305.52935,4445491.96918,396592.28
2095,448916.02527,4445459.73161,396592.28
2096,449702.98883,4445310.83559,696059.92
2097,450701.06851,4445423.67666,663685.04
2098,451710.41484,4444962.26273,853887.4600000001
2099,448457.2204,4444934.01812,275186.48
2100,448857.88442,4444789.26411,343983.10000000003
2101,449705.96378,4444649.83976,667731.9
2102,450337.11805,4444786.98972,441107.74
2103,451323.17265,4444524.05917,983386.98
2104,448862.91261,4444056.27944,299467.64
2105,449472.9252,4444105.63784,667731.9
2106,450332.85644,4444099.07442,643450.74
2107,451493.83315,4443879.57066,1521619.36
2108,448545.01374,4443635.90734,396592.28
2109,448406.53533,4442891.65165,1088605.34
2110,449457.56302,4443001.70801,1027902.4400000001
2111,450282.95262,4442994.34325,979340.12
2112,451070.9816,4442975.399,914590.36
2113,452364.84242,4443062.3905,2322897.64
2114,448740.10881,4441835.44985,433014.02
2115,448593.35853,4441167.72674,732481.66
2116,450130.82946,4441780.8289,2610224.7
2117,451552.64664,4441625.13516,3269862.88
2118,448782.92682,4440400.00865,445154.60000000003
2119,449753.20023,4440131.56824,2569756.1
2120,451256.64447,4440185.67956,2347178.8000000003
2121,450007.46142,4438156.703,1509478.78
2122,450423.92231,4437274.72212,2759958.52
2123,445525.3009,4442528.51502,692013.06
2124,445160.75522,4442057.55932,428967.16000000003
2125,445523.29904,4441729.54347,331842.52
2126,445986.90857,4441205.17466,562513.54
2127,446593.22079,4440366.18388,861981.18
2128,447358.98018,4439545.02913,692013.06
2129,448400.20114,4439498.13267,894356.06
2130,448595.99837,4438754.98488,756762.8200000001
2131,449340.17894,4438420.82918,582747.84
2132,449600.38461,4436733.64887,1100745.92
2133,447745.88554,4436475.57842,1812993.28
2134,448355.82317,4437052.24812,1246432.8800000001
2135,448666.099,4437929.6838,619169.5800000001
2136,447953.00435,4438594.93325,307561.36
2137,447819.1244,4438179.89558,461342.04000000004
2138,447879.21129,4437413.59267,449201.46
2139,446410.49196,4439567.44356,902449.78
2140,447320.57338,4438979.33885,477529.48000000004
2141,446130.68206,4438806.41109,607029
2142,447004.57368,4438442.41477,522044.94
2143,446393.03775,4437888.24932,744622.24
2144,447096.48392,4437636.9301,841746.88
2145,446564.29877,4436738.8423,1545900.52
2146,444407.4349,4439191.98733,505857.5
2147,444769.05193,4438438.54597,542279.24
2148,445207.82657,4437634.08728,1602556.56
2149,444593.63901,4437076.59642,1545900.52
2150,445180.89806,4436126.08157,1015761.86
2151,444646.63799,4441801.74271,348029.96
2152,444455.65946,4441431.16976,174014.98
2153,445033.20143,4441408.62691,153780.68
2154,444444.85731,4441012.04615,339936.24
2155,445161.42904,4441062.51382,343983.10000000003
2156,445514.66961,4440906.48294,161874.4
2157,444447.01774,4440437.37152,343983.10000000003
2158,445103.25392,4440427.75195,339936.24
2159,445735.59221,4440347.22133,343983.10000000003
2160,444495.68514,4439928.7898,263045.9
2161,445110.56696,4439902.90067,283280.2
2162,445648.85362,4439744.86022,364217.4
2163,445077.28361,4439202.23653,692013.06
2164,445609.78825,4439000.46441,299467.64
2165,445554.49018,4438286.52914,408732.86
2166,443529.00884,4441025.30594,271139.62
2167,444004.68826,4441144.40195,416826.58
2168,442974.78224,4440323.37801,562513.54
2169,443984.21044,4440442.23719,246858.46000000002
2170,442361.21333,4439578.56167,586794.7000000001
2171,442996.22622,4439461.55979,469435.76
2172,443951.81308,4439796.88142,319701.94
2173,442197.54865,4439090.72158,594888.42
2174,443947.31666,4439185.38985,627263.3
2175,441343.1658,4438478.63517,615122.72
2176,442203.23472,4438473.06528,732481.66
2177,443018.30591,4438310.19665,594888.42
2178,443473.39359,4438534.93657,538232.38
2179,440641.11316,4437830.16494,408732.86
2180,441311.75514,4437780.01344,550372.96
2181,442359.11224,4437771.67935,801278.28
2182,443786.00898,4437561.54148,894356.06
2183,444721.08216,4447795.64336,1460916.46
2184,443534.64658,4446906.87852,1201917.42
2185,444496.65719,4446901.74913,708200.5
2186,437974.37595,4445701.88099,6005540.24
2187,440715.46412,4446095.90305,2614271.56
2188,442015.89191,4446129.84537,1829180.72
2189,443492.29322,4446120.31617,1278807.76
2190,444408.2052,4446146.25814,534185.52
2191,443052.94757,4445068.625,1116933.36
2192,443744.91436,4445032.21701,841746.88
2193,444477.83644,4445454.33432,704153.64
2194,444565.57936,4444552.95333,837700.02
2195,443916.60256,4443938.60565,724387.9400000001
2196,443582.18689,4443161.63008,1529713.08
2197,444565.57936,4443541.01471,671778.76
2198,443304.29558,4442533.6019,841746.88
2199,443410.88842,4441753.7708,894356.06
2200,443989.0795,4442146.48471,437060.88
2201,444543.6252,4442564.05218,590841.56
2202,439267.60672,4444740.78784,1404260.4200000002
2203,440185.41824,4444986.74757,1120980.22
2204,440986.06848,4444983.47131,740575.38
2205,442026.96311,4445141.62385,1521619.36
2206,439745.17016,4443930.25687,1197870.56
2207,440864.48198,4443938.80123,712247.36
2208,441943.35213,4444023.1058,1096699.06
2209,440067.06619,4443010.34119,979340.12
2210,440870.80088,4442984.46435,938871.52
2211,441847.7899,4442984.97854,1303088.92
2212,440696.87832,4442053.54312,898402.92
2213,441956.599,4442102.87212,1497338.2
2214,440699.1271,4441321.57041,963152.68
2215,441686.79847,4441209.84027,683919.34
2216,442501.56733,4441210.75465,679872.48
2217,440906.87305,4440425.72376,554419.8200000001
2218,441793.23176,4440341.21565,841746.88
2219,442530.23262,4440555.81218,271139.62
2220,441482.25901,4439719.96616,578700.98
2221,431269.69805,4441487.69726,9336106.02
2222,434644.23447,4443021.97898,4504155.18
2223,437065.23523,4443308.21534,3419596.7
2224,438551.00216,4443070.38332,3294144.04
2225,433875.11111,4441557.39321,3561236.8000000003
2226,435263.78166,4441485.16969,2679021.3200000003
2227,437045.4579,4441631.80096,2630459
2228,438999.95286,4441389.76155,3783814.1
2229,431716.49534,4439879.36222,5997446.5200000005
2230,435343.58026,4439791.97518,3116082.2
2231,436982.32644,4439792.32578,2998723.2600000002
2232,432277.67675,4437934.27065,4087328.6
2233,433402.68075,4438017.44282,2059851.74
2234,435152.08099,4438182.44577,2241960.44
2235,436831.92197,4438190.6501,2339085.08
2236,438386.75159,4439840.21392,2966348.38
2237,439995.05701,4440309.30787,1031949.3
2238,439721.83178,4439497.50401,671778.76
2239,440618.04019,4439299.95027,1161448.82
2240,438617.777,4438326.14897,2055804.8800000001
2241,439283.76745,4437934.33846,708200.5
2242,440205.32439,4438561.72842,922684.0800000001
2243,440007.39952,4437857.42361,530138.66
2244,437962.83254,4437009.31329,627263.3
2245,438893.09159,4436866.39065,999574.42
2246,439510.60097,4437215.34306,473482.62
2247,438162.60908,4435872.52637,1205964.28
2248,437834.60887,4435169.46359,578700.98
2249,432173.30737,4435451.00664,4516295.76
2250,433707.04929,4436621.19641,2585943.54
2251,435551.5085,4437087.99123,1638978.3
2252,436976.45885,4436989.51905,1189776.84
2253,435568.88594,4436149.60929,2326944.5
2254,436796.89194,4436138.02433,1825133.86
2255,433557.0381,4434957.20754,2533334.36
2256,434823.75256,4435010.56668,1327370.08
2257,435798.4307,4434659.47357,999574.42
2258,437127.62622,4434919.25136,1157401.96
2259,432114.02853,4433328.09437,4002344.54
2260,433434.00449,4433388.52899,1808946.4200000002
2261,434616.05525,4433851.79801,1104792.78
2262,435636.68868,4433907.95633,550372.96
2263,436600.8389,4433845.27598,1072417.9000000001
2264,434648.23114,4433049.84312,1161448.82
2265,436053.77195,4433151.63125,667731.9
2266,432273.9733,4431613.32974,6559960.0600000005
2267,433395.32655,4432081.42231,1153355.1
2268,434378.72686,4432184.55723,748669.1
2269,434981.80994,4432161.17851,728434.8
2270,435831.70136,4432536.21372,481576.34
2271,435409.00818,4431957.63275,400639.14
2272,433320.29725,4431118.39129,942918.38
2273,434650.67828,4431245.06058,574654.12
2274,433283.6392,4429970.4565,1626837.72
2275,434612.22969,4430469.33435,878168.62
2276,434337.11752,4429849.93082,740575.38
2277,432103.16271,4429088.9671599995,3391268.68
2278,433255.39116,4428949.79841,1056230.46
2279,434371.34098,4429016.97611,898402.92
2280,440310.20009,4437009.84425,914590.36
2281,441396.85043,4437121.02402,825559.4400000001
2282,442075.84279,4437212.05384,364217.4
2283,443026.08331,4437139.21176,465388.9
2284,440056.57913,4436197.89863,1914164.78
2285,441219.0992,4435890.94235,1343557.52
2286,442152.31003,4436225.44034,1303088.92
2287,443254.97772,4436346.19632,793184.56
2288,442200.21534,4435533.79182,942918.38
2289,442925.88339,4435453.97676,724387.9400000001
2290,440637.21705,4434469.0015,2071992.32
2291,441367.98021,4434371.18629,550372.96
2292,442384.73649,4434464.60717,586794.7000000001
2293,440362.01198,4433632.33103,1189776.84
2294,441487.39098,4433789.8662,501810.64
2295,443904.76502,4436245.29019,481576.34
2296,443651.7998,4435173.11746,1141214.52
2297,444612.78631,4435277.53565,942918.38
2298,445425.93878,4435281.41316,951012.1
2299,446254.45215,4435532.94922,1517572.5
2300,443119.43646,4434337.99894,416826.58
2301,443770.46569,4434150.38225,772950.26
2302,444591.33525,4434264.20338,732481.66
2303,445438.82146,4433985.36876,1193823.7
2304,444659.77566,4433289.26158,1023855.5800000001
2305,443812.36371,4432961.3648,959105.8200000001
2306,443084.40117,4433655.61988,619169.5800000001
2307,442515.39487,4433915.8131,437060.88
2308,442402.77239,4433118.12221,509904.36000000004
2309,441512.14226,4432962.89123,1290948.34
2310,440656.04575,4432656.83523,821512.5800000001
2311,443075.11278,4432592.63482,696059.92
2312,442456.95081,4432257.84582,675825.62
2313,441547.75152,4431864.74421,1173589.4000000001
2314,445457.40677,4432729.30391,2776145.96
2315,441998.70754,4431281.7809,748669.1
2316,443040.1678,4431510.94498,776997.12
2317,443832.79418,4431735.2182,1201917.42
2318,444796.45879,4431081.23161,2743771.08
2319,439944.79267,4430472.17042,639403.88
2320,440650.20424,4430571.21224,542279.24
2321,441427.83699,4430584.32841,712247.36
2322,442292.20823,4430594.17237,696059.92
2323,440696.29154,4429760.52223,1881789.9000000001
2324,442064.63387,4429925.05245,716294.22
2325,442102.84733,4429162.61138,3419596.7
2326,443530.47572,4428341.21421,3569330.52
2327,444210.87004,4429639.88042,3051332.44
2328,438861.89484,4435079.20364,963152.68
2329,438403.67028,4434409.25282,720341.0800000001
2330,439364.77611,4434537.21214,489670.06
2331,437859.57474,4434078.57844,392545.42
2332,437927.38886,4433623.44048,331842.52
2333,438648.98474,4433697.84088,445154.60000000003
2334,439236.24542,4433568.1618,857934.3200000001
2335,437913.56485,4433178.36706,339936.24
2336,438644.54879,4433173.26902,315655.08
2337,437743.89608,4432715.94204,469435.76
2338,438538.75572,4432673.62418,267092.76
2339,439679.00198,4432868.49712,530138.66
2340,439167.05718,4432300.75473,623216.4400000001
2341,439804.72297,4432207.09535,801278.28
2342,440379.90296,4431397.96797,1238339.1600000001
2343,439353.29004,4431382.59841,748669.1
2344,438432.72426,4431857.26301,922684.0800000001
2345,437807.69383,4432049.39542,857934.3200000001
2346,437186.44655,4431010.01281,720341.0800000001
2347,437846.60331,4431157.77056,594888.42
2348,437030.92032,4429997.99193,914590.36
2349,437765.85636,4430337.67877,1023855.5800000001
2350,436774.29,4428986.78787,951012.1
2351,437235.64172,4433201.93107,736528.52
2352,436849.46205,4432643.12316,461342.04000000004
2353,435860.49661,4431688.36122,258999.04
2354,436197.07696,4432174.29857,659638.18
2355,437045.6525,4431977.28315,602982.14
2356,435490.668,4431241.45759,396592.28
2357,436482.59149,4431268.87213,501810.64
2358,435234.55226,4430531.41256,505857.5
2359,435852.30419,4430784.46423,291373.92
2360,436479.63304,4430724.67745,396592.28
2361,435826.44392,4430325.94353,356123.68
2362,435234.45946,4429739.86393,477529.48000000004
2363,435949.73665,4429733.08916,663685.04
2364,435906.09054,4428969.77296,594888.42
2365,435231.33142,4428959.79518,513951.22000000003
2366,435487.897,4428206.53716,857934.3200000001
2367,435160.08452,4427250.28301,809372
2368,436162.44411,4427720.76999,2424069.14
2369,434691.71861,4425831.67057,906496.64
2370,433278.94551,4428024.5905,853887.4600000001
2371,434058.82161,4428119.69275,627263.3
2372,434629.31915,4428182.55632,356123.68
2373,434332.98974,4427318.95083,833653.16
2374,433227.53782,4427252.5287,627263.3
2375,434064.28288,4426614.46831,845793.74
2376,433319.02343,4426375.74193,433014.02
2377,433307.53982,4425703.57859,513951.22000000003
2378,433996.99338,4425777.7649,493716.92000000004
2379,433315.28071,4424980.04604,602982.14
2380,434554.33291,4424726.67941,1307135.78
2381,433629.23683,4424086.83651,4079234.8800000004
2382,432280.10385,4423201.81083,2363366.24
2383,432384.75323,4424924.15773,716294.22
2384,431532.43211,4425512.92781,348029.96
2385,431756.90275,4424890.59919,473482.62
2386,430825.59183,4423908.83983,1125027.08
2387,431802.4799,4424104.73889,764856.54
2388,432585.63458,4424243.94846,404686
2389,431568.57007,4423259.17886,619169.5800000001
2390,430672.02315,4423040.25475,643450.74
2391,430743.99981,4422257.75714,975293.26
2392,429563.57197,4422509.92201,1226198.58
2393,430193.54394,4423480.28474,692013.06
2394,429704.77004,4423658.07071,1133120.8
2395,428713.86794,4425046.4046,2565709.24
2396,429913.12473,4424706.73649,979340.12
2397,427651.62313,4425125.05703,1112886.5
2398,429550.4474,4425895.64629,1056230.46
2399,430486.94798,4425942.73327,1375932.4000000001
2400,431599.10658,4428028.65235,906496.64
2401,432602.20094,4428037.9113,566560.4
2402,431431.58248,4427072.15108,760809.68
2403,432376.60534,4427457.64318,384451.7
2404,431285.25518,4426525.86247,517998.08
2405,432552.24621,4426526.75903,1044089.88
2406,432011.84742,4425976.48718,764856.54
2407,432680.15866,4425713.13689,396592.28
2408,427378.89119,4438380.51992,6539725.76
2409,427378.89119,4432727.08034,5948884.2
2410,429212.53401,4428870.08266,7911611.3
2411,427366.10854,4427542.14321,8644092.96
2412,428541.51039,4427116.39707,1424494.72
2413,429064.30831,4426465.95184,1679446.9000000001
2414,430075.02707,4427056.6796,2877317.46
2415,417785.17027,4437968.03705,67918451.38
2416,417435.11694,4429568.43256,33552516.26
2417,418550.32246,4427912.16416,14888397.940000001
2418,417349.88488,4423800.04834,13063264.08
2419,420100.54844,4423743.33656,10388289.620000001
2420,422861.206,4424246.32532,9655807.96
2421,417353.68187,4420764.43133,41435799.54
2422,421196.90448,4421749.87303,16381689.280000001
2423,422416.92346,4422376.3368,1748243.52
2424,423688.7648,4422296.22803,1962727.1
2425,425149.54153,4420507.46758,10258790.1
