tazid,tothh,resacre,ciacre,totemp,cbd
1,1,374,0,0,0
2,15,586,51,4,0
3,5,403,67,2,0
4,21,241,538,87,0
5,30,206,188,71,0
6,15,440,460,44,0
7,0,0,1615,180,0
8,0,0,0,0,0
9,12,135,0,0,0
10,55,945,81,14,0
11,37,910,68,9,0
12,6,123,619,55,0
13,159,173,30,89,0
14,6,1254,0,0,0
15,6,302,107,5,0
16,17,554,42,5,0
17,0,0,0,0,0
18,7,397,56,3,0
19,0,0,3139,8,0
20,0,0,510,94,0
21,0,0,0,0,0
22,0,0,0,0,0
23,0,0,79,9,0
24,0,0,0,0,0
25,0,0,309,683,0
26,0,0,0,0,0
27,0,0,0,0,0
28,6,68,144,23,0
29,6,8,230,287,0
30,12,22,113,118,0
31,20,54,148,140,0
32,1,0,206,2234,0
33,119,92,8,47,0
34,295,91,21,206,0
35,166,79,5,37,0
36,316,99,9,76,0
37,63,46,32,140,0
38,338,91,26,248,0
39,108,142,114,211,0
40,175,37,19,207,0
41,137,52,1,15,0
42,199,48,15,173,0
43,165,61,2,18,0
44,115,20,22,333,0
45,63,40,2,13,0
46,196,29,43,784,0
47,168,56,18,153,0
48,96,30,0,7,0
49,270,74,1,19,0
50,85,30,1,9,0
51,72,43,10,46,0
52,150,53,8,62,0
53,154,73,4,35,0
54,97,43,2,13,0
55,41,33,2,7,0
56,82,292,46,44,0
57,0,0,238,9,0
58,24,32,215,358,0
59,0,0,0,0,0
60,0,0,0,0,0
61,0,0,0,0,0
62,21,17,29,138,0
63,44,6,38,667,0
64,229,34,42,755,0
65,21,8,26,178,0
66,271,88,9,80,0
67,133,53,35,207,0
68,210,69,5,50,0
69,225,68,17,170,0
70,417,165,180,1179,0
71,588,139,59,710,0
72,142,44,13,116,0
73,28,38,18,36,0
74,89,44,11,81,0
75,145,33,17,182,0
76,170,46,6,59,0
77,85,35,4,34,0
78,9,101,0,0,0
79,274,183,150,554,0
80,0,0,0,0,0
81,0,0,113,187,0
82,0,0,53,246,0
83,0,0,244,392,0
84,60,111,120,217,0
85,66,82,116,315,0
86,0,0,0,0,0
87,25,171,34,15,0
88,227,164,19,100,0
89,54,33,24,81,0
90,162,122,17,69,0
91,158,155,26,66,0
92,206,105,5,32,0
93,158,52,4,44,0
94,0,0,0,0,0
95,40,90,26,38,0
96,78,107,44,96,0
97,273,157,11,63,0
98,0,0,0,0,0
99,153,184,10,30,0
100,47,78,19,33,0
101,19,50,146,178,0
102,0,0,0,0,0
103,0,0,0,0,0
104,35,61,27,49,0
105,0,0,0,0,0
106,24,158,15,7,0
107,22,183,22,10,0
108,35,132,8,7,0
109,0,0,89,77,0
110,19,82,24,16,0
111,17,56,47,17,0
112,6,60,9,4,0
113,19,191,33,9,0
114,42,106,8,11,0
115,15,131,21,8,0
116,40,107,19,14,0
117,62,44,17,66,0
118,173,162,9,26,0
119,85,124,2,5,0
120,60,94,5,11,0
121,59,118,6,9,0
122,9,141,103,8,0
123,55,160,13,14,0
124,124,385,23,24,0
125,59,136,70,99,0
126,153,263,25,52,0
127,170,399,57,81,0
128,93,267,216,175,0
129,45,158,13,10,0
130,3,147,0,0,0
131,2,335,615,11,0
132,1,38,241,25,0
133,4,807,0,0,0
134,1,423,0,0,0
135,0,0,0,0,0
136,31,5314,924,16,0
137,50,1754,271,24,0
138,29,309,76,19,0
139,532,541,134,446,0
140,240,508,103,165,0
141,492,628,53,137,0
142,44,717,258,36,0
143,510,883,179,316,0
144,79,180,69,80,0
145,5,23,76,42,0
146,29,235,62,24,0
147,27,87,170,136,0
148,91,888,132,39,0
149,22,532,203,21,0
150,98,727,136,53,0
151,165,897,199,100,0
152,7,189,41,5,0
153,46,628,265,52,0
154,75,371,29,16,0
155,208,576,679,695,0
156,8,178,152,24,0
157,7,40,350,120,0
158,428,756,61,104,0
159,256,232,329,1104,0
160,566,469,212,824,0
161,262,379,27,68,0
162,17,149,21,8,0
163,95,200,15,23,0
164,27,194,161,62,0
165,847,624,91,396,0
166,852,546,23,113,0
167,400,351,36,99,0
168,155,113,181,674,0
169,574,666,63,180,0
170,171,401,10,14,0
171,340,174,17,114,0
172,341,157,6,41,0
173,491,223,29,175,0
174,447,343,25,99,0
175,150,104,459,2057,0
176,126,68,358,2104,0
177,406,202,100,588,0
178,1385,474,109,860,0
179,777,450,51,266,0
180,383,204,72,420,0
181,306,177,371,1710,0
182,500,130,98,960,0
183,121,131,4,11,0
184,260,377,26,52,0
185,480,133,37,387,0
186,317,158,7,44,0
187,22,69,2,2,0
188,980,248,24,266,0
189,866,348,23,174,0
190,1214,234,15,217,0
191,600,144,3,41,0
192,228,470,136,192,0
193,0,0,532,7768,0
194,493,144,54,577,0
195,809,188,107,1146,0
196,723,134,134,1681,0
197,807,185,49,507,0
198,717,210,25,230,0
199,108,62,1,8,0
200,507,135,4,48,0
201,505,150,5,46,0
202,315,73,5,69,0
203,443,89,83,1063,0
204,316,95,35,301,0
205,489,96,59,680,0
206,435,107,3,36,0
207,595,225,12,76,0
208,26,625,229,29,0
209,49,259,36,21,0
210,104,408,44,33,0
211,130,443,75,67,0
212,15,35,225,296,0
213,83,44,253,1030,0
214,42,97,223,250,0
215,79,103,388,755,0
216,13,4,389,3118,0
217,29,23,408,1408,0
218,9,3,106,669,0
219,0,0,191,627,0
220,7,2,985,4312,0
221,218,253,65,194,0
222,288,414,24,57,0
223,404,467,39,114,0
224,1120,569,75,485,0
225,1036,340,27,208,0
226,1074,392,78,725,0
227,824,160,16,186,0
228,498,134,132,1410,0
229,386,106,10,112,0
230,447,137,49,438,0
231,770,133,15,229,0
232,1235,366,13,137,0
233,306,132,47,338,0
234,800,293,29,247,0
235,709,248,5,48,0
236,454,188,42,342,0
237,461,146,23,226,0
238,485,148,59,547,0
239,578,145,3,39,0
240,513,108,39,433,0
241,341,65,33,367,0
242,657,181,17,169,0
243,256,39,120,1891,0
244,405,175,58,405,0
245,557,172,4,44,0
246,505,128,3,34,0
247,352,97,24,224,0
248,347,87,100,1068,0
249,45,52,572,1135,0
250,8,10,168,264,0
251,271,81,40,328,0
252,89,21,286,2946,0
253,310,58,109,1591,0
254,386,90,21,256,0
255,375,87,24,272,0
256,287,84,6,67,0
257,391,92,25,243,0
258,910,154,55,711,0
259,2,3,111,140,0
260,10,10,82,234,0
261,397,106,258,2741,0
262,0,0,113,76,0
263,0,0,283,176,0
264,0,0,64,304,0
265,188,29,25,364,0
266,34,22,25,84,0
267,11,1,23,384,0
268,178,5,22,1167,0
269,44,24,2,8,0
270,95,20,6,74,0
271,0,0,26,435,0
272,1,0,27,779,0
273,70,2,24,1110,0
274,39,5,21,477,0
275,169,8,28,921,0
276,1,0,26,866,0
277,0,0,27,2349,0
278,297,7,20,1466,0
279,101,19,14,209,0
280,28,2,24,626,0
281,64,4,22,860,0
282,131,10,17,543,0
283,292,86,41,301,0
284,287,73,6,66,0
285,668,70,9,223,0
286,380,53,26,425,0
287,159,61,59,413,0
288,535,93,12,209,0
289,753,102,4,73,0
290,452,90,16,215,0
291,3,2,123,267,0
292,551,158,70,554,0
293,287,94,3,26,0
294,417,95,10,115,0
295,173,89,5,26,0
296,19,3,78,1145,0
297,333,62,17,304,0
298,71,8,31,741,0
299,135,22,18,296,0
300,573,64,16,377,0
301,592,99,7,113,0
302,412,77,2,47,0
303,442,97,8,116,0
304,362,58,21,376,0
305,426,88,18,225,0
306,217,92,15,93,0
307,610,158,28,286,0
308,246,116,6,36,0
309,56,42,128,428,0
310,14,1,318,5171,0
311,167,28,33,510,0
312,217,42,21,328,0
313,0,0,71,287,0
314,146,29,41,652,0
315,178,33,37,593,0
316,422,92,2,32,0
317,494,145,6,69,0
318,256,50,8,130,0
319,841,130,35,591,0
320,544,86,6,85,0
321,136,214,8,13,0
322,432,141,49,394,0
323,240,37,94,1822,0
324,236,60,9,104,0
325,152,32,26,340,0
326,442,88,3,55,0
327,204,43,13,160,0
328,603,30,127,6425,0
329,315,71,238,2849,0
330,190,63,49,368,0
331,303,223,8,29,0
332,1113,300,15,167,0
333,638,181,23,217,0
334,333,66,121,1563,0
335,194,39,59,682,0
336,182,42,7,93,0
337,1,0,84,190,0
338,450,96,7,99,0
339,608,135,11,140,0
340,606,189,43,357,0
341,462,159,42,329,0
342,582,147,13,138,0
343,279,45,71,957,0
344,195,42,31,371,0
345,1,205,0,0,0
346,3,0,161,2410,0
347,709,460,228,881,0
348,0,0,0,0,0
349,308,67,182,1826,0
350,223,195,102,317,0
351,811,138,15,247,0
352,435,142,5,45,0
353,439,114,18,174,0
354,245,45,61,657,0
355,359,348,49,143,0
356,14,1,78,2074,0
357,388,64,83,1164,0
358,1023,463,172,910,0
359,962,141,150,2416,0
360,398,527,198,435,0
361,924,291,103,886,0
362,185,26,103,1831,0
363,1586,749,185,1101,0
364,1194,231,65,817,0
365,405,292,38,164,0
366,275,329,69,168,0
367,340,201,4,26,0
368,836,274,48,498,0
369,874,290,32,327,0
370,230,290,32,84,0
371,51,81,33,65,0
372,265,109,3,23,0
373,91,26,134,1413,0
374,373,136,18,156,0
375,392,150,10,86,0
376,183,41,119,1596,0
377,35,62,98,179,0
378,311,150,10,66,0
379,460,155,8,82,0
380,583,138,29,380,0
381,315,109,3,27,0
382,452,84,47,743,0
383,609,147,21,272,0
384,590,162,5,52,0
385,500,159,4,40,0
386,525,140,25,272,0
387,429,135,28,267,0
388,456,150,36,369,0
389,494,112,20,250,0
390,214,126,24,138,0
391,547,276,44,298,0
392,510,235,86,559,0
393,256,227,89,324,0
394,693,433,177,947,0
395,326,153,7,51,0
396,581,131,29,399,0
397,880,302,15,145,0
398,146,179,143,333,0
399,1496,556,85,761,0
400,131,39,1316,9934,0
401,513,139,50,533,0
402,266,50,27,363,0
403,741,107,159,3075,0
404,916,151,74,1087,0
405,547,118,142,1729,0
406,0,0,161,62,0
407,0,0,314,256,0
408,0,0,136,17,0
409,0,0,3818,1,0
410,232,284,111,210,0
411,0,0,1178,21281,0
412,420,1081,257,319,0
413,565,487,32,126,0
414,518,435,177,642,0
415,390,584,169,370,0
416,10,44,181,133,0
417,0,0,112,108,0
418,763,400,19,118,0
419,920,432,33,226,0
420,55,224,28,23,0
421,647,254,63,557,0
422,697,267,61,569,0
423,987,197,93,1654,0
424,1337,450,56,594,0
425,280,294,20,67,0
426,300,247,78,328,0
427,1425,303,44,601,0
428,1110,135,238,4677,0
429,1,1757,0,0,0
430,359,480,127,321,0
431,209,338,126,284,0
432,286,394,88,225,0
433,268,185,191,932,0
434,543,245,10,89,0
435,352,88,314,3802,0
436,784,121,224,3634,0
437,395,201,36,231,0
438,1088,248,38,513,0
439,865,1038,101,320,0
440,479,353,37,183,0
441,24,13,257,1614,0
442,394,297,123,647,0
443,659,593,64,281,0
444,1464,258,50,713,0
445,1181,132,211,4768,0
446,872,66,280,8945,0
447,1332,363,87,864,0
448,429,345,234,932,0
449,1719,406,73,937,0
450,147,171,20,54,0
451,702,351,22,151,0
452,906,438,26,172,0
453,977,516,36,207,0
454,1381,546,134,1073,0
455,268,335,35,88,0
456,376,300,60,233,0
457,572,176,39,340,0
458,264,79,127,1201,0
459,138,45,28,225,0
460,1428,245,40,665,0
461,1384,691,145,878,0
462,1442,384,50,594,0
463,1010,720,139,612,0
464,790,208,216,2414,0
465,1056,593,72,401,0
466,528,373,11,51,0
467,618,189,47,432,0
468,585,175,81,764,0
469,517,239,30,215,0
470,377,129,172,1699,0
471,549,290,90,546,0
472,863,764,85,319,0
473,824,417,39,263,0
474,1018,413,24,230,0
475,493,257,102,609,0
476,873,262,14,145,0
477,646,282,79,591,0
478,467,324,29,136,0
479,53,68,111,291,0
480,285,237,10,42,0
481,7,1,195,4469,0
482,0,0,179,2915,0
483,396,478,30,84,0
484,202,222,275,828,0
485,3,385,0,0,0
486,305,54,163,2676,0
487,211,58,140,1496,0
488,218,91,27,205,0
489,405,191,6,45,0
490,358,182,5,37,0
491,5,292,69,5,0
492,25,214,92,37,0
493,15,84,455,265,0
494,570,330,13,80,0
495,409,195,20,147,0
496,349,198,10,67,0
497,435,198,6,47,0
498,413,173,13,101,0
499,509,191,18,156,0
500,33,260,19,7,0
501,266,57,97,1297,0
502,0,0,122,621,0
503,3,189,94,4,0
504,572,386,18,89,0
505,247,43,66,1131,0
506,550,72,43,923,0
507,270,106,2,20,0
508,90,15,107,1762,0
509,560,66,61,1532,0
510,286,90,38,305,0
511,242,78,17,139,0
512,374,93,4,48,0
513,271,72,25,232,0
514,824,387,32,216,0
515,3,50,389,62,0
516,95,253,151,177,0
517,334,264,19,72,0
518,491,217,29,209,0
519,68,143,373,481,0
520,166,171,179,429,0
521,766,172,63,717,0
522,623,110,85,1300,0
523,603,147,49,563,0
524,0,0,91,2727,0
525,671,97,50,831,0
526,349,37,70,1703,0
527,559,70,110,2160,0
528,724,260,7,60,0
529,381,259,6,28,0
530,384,26,148,6414,0
531,569,238,21,160,0
532,422,321,31,136,0
533,0,0,1530,2,0
534,1354,531,98,733,0
535,282,316,79,243,0
536,1,0,170,866,0
537,830,309,65,587,0
538,342,177,35,216,0
539,295,65,51,674,0
540,344,204,89,443,0
541,286,100,17,155,0
542,316,40,216,3959,0
543,1044,142,136,2481,0
544,535,97,36,532,0
545,526,138,18,183,0
546,787,261,49,414,0
547,629,304,28,172,0
548,851,177,116,1493,0
549,526,152,16,183,0
550,525,68,59,1313,0
551,507,196,14,105,0
552,969,288,6,66,0
553,733,355,31,194,0
554,338,256,28,120,0
555,438,360,10,43,0
556,0,0,314,4,0
557,1647,226,245,4875,0
558,99,89,168,498,0
559,0,0,413,5562,0
560,139,55,441,2509,0
561,0,0,334,671,0
562,0,0,640,89,0
563,986,177,102,1504,0
564,402,112,28,292,0
565,437,94,15,206,0
566,1479,576,55,452,0
567,460,174,8,74,0
568,879,311,58,455,0
569,1483,483,100,945,0
570,685,858,57,155,0
571,0,0,0,0,0
572,0,0,0,0,0
573,0,0,531,8,0
574,0,0,0,0,0
575,0,0,1009,127,0
576,0,0,302,11,0
577,0,0,903,43,0
578,0,0,933,714,0
579,0,0,523,85,0
580,0,0,403,5,0
581,0,0,523,1,0
582,0,0,394,94,0
583,0,0,554,23,0
584,0,0,820,5333,0
585,0,0,833,12554,0
586,0,0,0,0,0
587,0,0,0,0,0
588,0,0,0,0,0
589,0,0,0,0,0
590,0,0,0,0,0
591,0,0,445,309,0
592,0,0,264,284,0
593,0,0,220,199,0
594,0,0,349,767,0
595,0,0,0,0,0
596,0,0,689,131,0
597,1,2,616,230,0
598,0,0,0,0,0
599,1,502,0,0,0
600,9,35,275,102,0
601,1,0,239,319,0
602,0,0,569,120,0
603,0,0,582,172,0
604,0,0,0,0,0
605,2,13,197,71,0
606,0,0,0,0,0
607,399,229,71,341,0
608,1320,255,59,871,0
609,880,269,21,206,0
610,725,142,18,327,0
611,274,159,21,117,0
612,5,164,32,3,0
613,368,204,14,84,0
614,251,102,36,290,0
615,596,231,6,59,0
616,755,118,41,786,0
617,963,298,23,252,0
618,54,83,446,887,0
619,351,180,39,256,0
620,481,212,20,172,0
621,962,308,12,136,0
622,683,231,19,230,0
623,10,117,336,83,0
624,2,540,0,0,0
625,210,25,63,1729,0
626,548,171,16,205,0
627,439,116,16,241,0
628,323,89,2,32,0
629,453,200,8,71,0
630,39,154,100,77,0
631,649,273,42,368,0
632,517,147,4,51,0
633,524,171,4,51,0
634,979,349,37,381,0
635,767,232,12,165,0
636,0,0,0,0,0
637,205,94,7,66,0
638,1,518,0,0,0
639,0,0,531,721,0
640,0,0,569,1172,0
641,0,0,988,4,0
642,80,514,694,347,0
643,224,466,16,27,0
644,0,0,468,716,0
645,0,0,327,804,0
646,0,0,2327,2517,0
647,0,0,2036,11410,0
648,0,0,0,0,0
649,0,0,0,0,0
650,8,4,697,3071,0
651,0,0,376,8089,0
652,0,0,116,274,0
653,1985,465,36,583,0
654,148,113,10,25,0
655,369,54,16,425,0
656,58,137,54,77,0
657,651,163,25,287,0
658,425,120,6,81,0
659,780,190,16,192,0
660,1389,221,31,558,0
661,536,105,5,91,0
662,985,107,86,2508,0
663,45,20,119,859,0
664,248,30,113,2216,0
665,512,172,6,63,0
666,916,212,15,208,0
667,1,6,62,31,0
668,105,22,6,98,0
669,159,34,31,404,0
670,72,21,153,1333,0
671,75,17,79,1111,0
672,90,19,23,341,0
673,33,8,21,239,0
674,86,24,21,206,0
675,0,0,692,1654,0
676,1,0,444,3034,0
677,0,0,966,630,0
678,1,0,160,671,0
679,0,0,264,187,0
680,4,307,0,0,0
681,0,0,418,3968,0
682,1,2,626,951,0
683,1,2,264,329,0
684,5,1,377,2443,0
685,1,0,599,3859,0
686,1,0,182,1016,0
687,0,0,411,2940,0
688,0,0,251,1311,0
689,1216,219,16,301,0
690,1082,188,10,171,0
691,555,138,4,67,0
692,373,126,16,171,0
693,657,200,38,392,0
694,684,178,25,344,0
695,675,164,14,207,0
696,298,120,10,76,0
697,135,29,24,337,0
698,0,0,105,428,0
699,0,0,0,0,0
700,0,0,632,6170,0
701,0,0,651,6485,0
702,0,0,657,7707,0
703,0,0,367,4665,0
704,0,0,275,2775,0
705,1,0,409,5739,0
706,946,221,36,590,0
707,1,0,199,1095,0
708,0,0,83,390,0
709,319,114,94,1018,0
710,0,0,127,1425,0
711,18,5,322,3427,0
712,0,0,75,326,0
713,1,8,167,99,0
714,306,46,23,428,0
715,251,63,39,495,0
716,29,6,81,1139,0
717,0,0,441,5580,0
718,1,0,252,4596,0
719,2,0,267,3328,0
720,0,0,136,7159,0
721,0,0,257,3033,0
722,1026,230,177,2250,0
723,286,67,1,28,0
724,664,166,219,3403,0
725,237,78,2,23,0
726,346,60,273,5286,0
727,1,0,312,3206,0
728,0,0,154,1092,0
729,0,0,52,359,0
730,1237,181,17,395,0
731,503,111,39,559,0
732,563,83,2,64,0
733,166,36,13,170,0
734,754,121,39,755,0
735,552,107,53,779,0
736,397,79,5,99,0
737,0,0,342,8414,0
738,122,28,103,1380,0
739,0,0,81,1584,0
740,779,127,263,4861,0
741,28,91,101,92,0
742,576,135,38,403,0
743,0,0,186,1937,0
744,0,0,355,1702,0
745,0,0,178,591,0
746,269,39,134,1893,0
747,0,0,251,331,0
748,279,114,63,600,0
749,486,124,19,282,0
750,348,117,75,743,0
751,713,234,86,805,0
752,1037,300,20,229,0
753,1593,237,84,1914,0
754,681,94,16,370,0
755,353,98,26,273,0
756,438,104,55,715,0
757,215,63,25,301,0
758,585,185,10,125,0
759,500,151,9,110,0
760,221,82,3,32,0
761,82,37,34,270,0
762,644,123,37,566,0
763,247,70,3,37,0
764,410,148,11,109,0
765,644,41,40,1666,0
766,307,73,25,300,0
767,60,5,90,2608,0
768,390,130,9,97,0
769,320,91,13,149,0
770,531,62,4,100,0
771,447,88,70,948,0
772,108,53,1,10,0
773,1390,139,21,499,0
774,1880,283,68,1250,0
775,1550,160,11,282,0
776,894,94,239,4410,0
777,392,78,181,2446,0
778,650,106,104,1490,0
779,302,119,60,631,0
780,367,150,9,93,0
781,472,123,11,159,0
782,351,100,8,117,0
783,925,226,10,168,0
784,523,164,5,54,0
785,411,134,19,212,0
786,400,110,27,315,0
787,746,159,32,439,0
788,866,141,30,584,0
789,360,81,68,1050,0
790,521,145,15,172,0
791,522,154,6,76,0
792,529,144,14,167,0
793,669,115,42,608,0
794,299,31,155,3464,0
795,271,53,1,26,0
796,366,104,53,460,0
797,302,78,2,29,0
798,174,34,130,1892,0
799,1239,313,67,728,0
800,1834,173,276,6164,0
801,499,127,18,172,0
802,2808,268,34,837,0
803,0,0,110,1257,0
804,12,3,110,1030,0
805,30,1,87,3430,0
806,2,6,54,45,0
807,210,203,313,1192,0
808,829,223,6,94,0
809,578,152,11,169,0
810,444,124,43,451,0
811,916,210,18,250,0
812,1627,418,59,730,0
813,238,102,68,550,0
814,200,57,3,31,0
815,463,84,9,172,0
816,674,204,24,282,0
817,312,87,4,59,0
818,274,108,7,54,0
819,288,159,45,229,0
820,505,148,35,348,0
821,433,120,14,151,0
822,1123,210,112,1533,0
823,899,112,15,351,0
824,0,0,96,2021,0
825,507,118,59,551,0
826,766,357,15,100,0
827,791,88,80,1474,0
828,238,144,5,23,0
829,1220,290,38,402,0
830,444,166,5,44,0
831,566,278,39,263,0
832,751,113,203,3813,0
833,1474,622,95,848,0
834,1121,287,13,199,0
835,1201,302,137,1908,0
836,830,185,41,555,0
837,1149,278,12,188,0
838,843,241,39,485,1
839,967,313,51,520,0
840,1049,286,33,362,0
841,600,249,25,172,1
842,128,77,65,296,1
843,314,85,34,390,1
844,713,18,3,281,1
845,218,23,16,422,1
846,279,19,16,660,1
847,0,0,56,410,1
848,234,15,12,457,1
849,292,3,24,3039,1
850,12,0,14,1456,0
851,29,14,0,3,0
852,0,0,14,2557,1
853,0,0,28,975,0
854,220,9,19,1214,1
855,69,1,12,1270,1
856,0,0,0,0,1
857,240,8,5,292,1
858,88,3,11,630,1
859,10,1,12,162,1
860,0,0,29,4381,1
861,1526,56,13,628,1
862,358,3,10,2795,1
863,147,0,13,6797,1
864,134,1,12,2124,1
865,42,0,13,1780,1
866,11,0,14,1305,1
867,69,1,13,1724,1
868,298,1,12,5513,1
869,9,0,14,3461,1
870,41,0,13,1604,1
871,28,0,13,2345,1
872,81,0,13,3904,1
873,113,0,13,3633,1
874,58,6,7,166,1
875,0,0,14,524,1
876,0,0,14,928,1
877,5,0,14,582,0
878,301,10,4,297,0
879,183,2,12,1712,0
880,319,4,9,1193,0
881,167,3,11,1172,0
882,124,6,8,249,1
883,170,5,9,534,0
884,63,2,12,612,0
885,92,15,59,577,0
886,94,9,72,1543,0
887,0,0,14,333,0
888,10,0,13,661,0
889,28,2,11,348,0
890,11,0,13,754,0
891,0,0,14,305,0
892,8,3,10,70,0
893,10,0,13,436,0
894,5,0,14,461,0
895,0,0,14,607,0
896,0,0,14,983,0
897,3,0,13,212,0
898,13,5,9,60,0
899,53,4,9,268,0
900,14,0,13,356,0
901,54,9,4,75,1
902,32,7,6,80,0
903,47,5,23,552,1
904,119,15,12,249,0
905,137,14,14,371,0
906,102,10,18,369,0
907,26,1,26,1171,0
908,21,3,25,447,0
909,0,0,14,666,0
910,8,0,13,398,0
911,18,1,13,519,0
912,318,3,10,1209,0
913,220,6,7,430,0
914,53,4,10,342,0
915,394,11,2,168,0
916,84,13,1,18,0
917,134,8,19,513,0
918,221,19,9,255,0
919,452,26,2,98,0
920,44,43,165,415,0
921,7,4,445,1937,0
922,127,12,33,806,0
923,0,0,484,521,0
924,252,3229,386,79,0
925,279,63,3,29,0
926,718,498,78,294,0
927,160,405,47,50,0
928,379,39,8,200,0
929,12,0,27,1481,0
930,175,45,28,276,0
931,61,15,27,305,0
932,210,34,37,586,0
933,455,72,24,290,0
934,385,42,19,341,0
935,502,50,8,163,0
936,0,0,45,1176,0
937,1154,62,22,814,0
938,412,35,11,246,0
939,146,28,28,322,0
940,279,52,6,74,0
941,260,63,22,199,0
942,144,3,42,3250,0
943,254,44,2,25,0
944,289,44,2,28,0
945,665,55,3,65,0
946,512,46,12,253,0
947,563,29,30,976,0
948,568,58,4,80,1
949,46,143,36,29,0
950,383,144,52,361,1
951,692,32,27,1114,0
952,461,53,11,186,0
953,385,44,17,314,0
954,117,1,12,1183,0
955,219,5,23,1385,0
956,251,5,9,771,0
957,377,18,9,352,0
958,270,6,7,671,0
959,173,7,21,1100,0
960,387,10,3,365,0
961,529,16,12,955,0
962,1165,64,22,777,0
963,555,32,10,334,0
964,500,21,21,1046,0
965,404,17,39,1607,0
966,383,37,6,126,0
967,497,52,4,80,0
968,361,25,18,511,0
969,0,0,390,19771,0
970,869,77,371,10816,0
971,320,47,573,10263,0
972,128,6,8,447,0
973,4,0,28,1244,0
974,145,8,5,217,0
975,143,7,21,992,0
976,362,36,6,126,0
977,254,26,2,46,0
978,459,52,5,99,0
979,139,10,31,858,0
980,508,28,14,549,0
981,774,58,27,719,0
982,422,53,34,513,0
983,691,47,2,82,0
984,498,41,2,69,0
985,398,60,24,341,0
986,457,100,46,418,0
987,0,0,141,4154,0
988,616,59,9,231,0
989,105,20,29,392,0
990,147,13,11,237,0
991,6,2,57,355,0
992,9,1,37,542,0
993,251,35,8,141,0
994,265,15,17,632,0
995,11,2,18,204,0
996,132,11,42,785,0
997,616,74,33,657,0
998,655,96,11,167,0
999,0,0,103,80,0
1000,712,90,17,292,0
1001,638,88,20,314,0
1002,229,49,16,202,0
1003,201,35,5,82,0
1004,319,85,3,33,0
1005,146,39,1,14,0
1006,204,46,1,20,0
1007,316,62,10,133,0
1008,507,108,8,110,0
1009,576,122,15,174,0
1010,284,179,163,595,0
1011,832,174,8,83,0
1012,481,138,44,364,0
1013,270,106,4,26,0
1014,138,53,3,19,0
1015,5,1,86,1148,0
1016,2,0,52,635,0
1017,430,37,16,490,0
1018,253,39,14,251,0
1019,78,6,46,1215,0
1020,557,57,49,1098,0
1021,690,101,5,89,0
1022,577,90,16,225,0
1023,596,91,16,233,0
1024,653,83,24,379,0
1025,619,83,24,393,0
1026,596,99,12,163,0
1027,497,84,22,311,0
1028,311,83,21,202,0
1029,376,93,14,147,0
1030,488,55,73,1508,0
1031,1,0,88,1266,0
1032,0,0,52,856,0
1033,5,0,30,526,0
1034,8,0,19,445,0
1035,241,33,42,714,0
1036,483,43,10,251,0
1037,109,5,48,2096,0
1038,213,19,21,588,0
1039,884,15,91,9551,0
1040,749,66,40,911,0
1041,582,81,25,381,0
1042,577,74,33,525,0
1043,490,64,17,267,0
1044,243,23,40,763,0
1045,222,11,14,546,0
1046,538,24,19,712,0
1047,509,71,34,545,0
1048,530,95,7,95,0
1049,501,102,5,65,0
1050,434,96,11,129,0
1051,509,75,31,481,0
1052,510,95,41,495,0
1053,730,57,33,1007,0
1054,391,13,27,1812,0
1055,327,77,3,32,0
1056,268,71,40,389,0
1057,8,0,36,2007,0
1058,0,0,6,122,0
1059,16,1,8,169,0
1060,0,0,19,586,0
1061,9,0,15,980,0
1062,86,11,41,886,0
1063,248,22,18,413,0
1064,70,27,14,113,0
1065,287,35,16,295,0
1066,293,49,2,55,0
1067,141,16,25,466,0
1068,277,43,5,72,0
1069,194,18,24,532,0
1070,451,21,20,1229,0
1071,121,3,24,2778,0
1072,208,31,8,115,0
1073,39,12,33,245,0
1074,1,0,36,1203,0
1075,0,0,162,274,0
1076,522,168,21,179,0
1077,658,346,104,570,0
1078,0,0,64,578,0
1079,0,0,36,468,0
1080,26,4,33,451,0
1081,195,17,20,706,0
1082,39,3,33,934,0
1083,0,0,58,524,0
1084,0,0,41,470,0
1085,0,0,42,588,0
1086,243,25,58,1308,0
1087,292,38,36,663,0
1088,404,72,4,46,0
1089,716,67,22,522,0
1090,586,97,6,99,0
1091,336,68,8,99,0
1092,1,49,0,0,0
1093,7,0,49,1165,0
1094,11,1,40,578,0
1095,73,14,29,343,0
1096,269,18,68,1768,0
1097,19,3,64,889,0
1098,41,3,65,2238,0
1099,280,26,74,1994,0
1100,638,47,65,2404,0
1101,442,51,24,536,0
1102,358,54,12,171,0
1103,191,40,2,28,0
1104,291,58,11,133,0
1105,1160,118,44,1141,0
1106,1073,144,27,507,0
1107,486,72,93,1614,0
1108,163,18,25,544,0
1109,847,68,9,292,0
1110,445,37,10,284,0
1111,623,68,13,300,0
1112,1009,72,91,2561,0
1113,739,83,39,790,0
1114,579,56,21,582,0
1115,273,42,57,921,0
1116,627,33,23,875,0
1117,4,0,69,1211,0
1118,0,0,116,9963,0
1119,687,59,22,512,0
1120,286,43,48,739,0
1121,264,34,81,1478,0
1122,378,41,56,1189,0
1123,1153,241,130,1242,0
1124,1010,140,63,962,0
1125,418,59,92,1717,0
1126,6,1,106,1126,0
1127,560,123,165,1870,0
1128,16,4,82,715,0
1129,551,100,101,1302,0
1130,26,6,86,794,0
1131,222,23,29,653,0
1132,697,135,9,101,0
1133,820,90,29,501,0
1134,194,36,76,945,0
1135,360,133,19,152,0
1136,391,54,64,1114,0
1137,36,3,157,4580,0
1138,240,55,36,407,0
1139,758,90,108,2158,0
1140,342,51,118,1992,0
1141,592,121,103,1271,0
1142,617,161,122,1039,0
1143,768,187,73,752,0
1144,535,130,36,314,0
1145,546,77,10,184,0
1146,611,133,13,121,0
1147,208,36,5,77,0
1148,775,170,15,169,0
1149,466,87,9,112,0
1150,176,28,28,422,0
1151,249,46,4,53,0
1152,196,43,5,58,0
1153,450,87,7,85,0
1154,521,60,33,553,0
1155,323,59,13,176,0
1156,603,55,83,1928,0
1157,106,7,31,922,0
1158,706,144,15,182,0
1159,322,90,20,185,0
1160,405,79,28,320,0
1161,285,81,3,28,0
1162,441,91,28,308,0
1163,364,87,4,48,0
1164,302,68,10,102,0
1165,348,64,29,366,0
1166,462,119,39,384,0
1167,399,79,35,460,0
1168,964,247,223,2274,0
1169,670,277,28,172,0
1170,811,355,98,563,0
1171,956,347,119,904,0
1172,1118,120,53,994,0
1173,664,122,46,589,0
1174,613,105,65,890,0
1175,1458,107,67,1998,0
1176,446,206,63,370,0
1177,516,132,21,210,0
1178,522,96,51,626,0
1179,355,92,37,410,0
1180,371,101,26,223,0
1181,676,196,38,359,0
1182,439,143,11,101,0
1183,658,226,87,722,0
1184,716,27,146,8238,0
1185,835,126,41,567,0
1186,359,27,142,3778,0
1187,406,65,41,616,0
1188,1634,163,56,1061,0
1189,685,151,16,180,0
1190,759,107,47,765,0
1191,812,137,112,1430,0
1192,502,98,37,434,0
1193,351,70,49,690,0
1194,457,85,44,546,0
1195,499,153,18,149,0
1196,272,68,40,403,0
1197,482,133,7,62,0
1198,195,64,12,99,0
1199,321,147,10,68,0
1200,422,122,15,135,0
1201,202,91,3,20,0
1202,475,89,84,1135,0
1203,363,46,66,1009,0
1204,86,12,90,1484,0
1205,660,143,56,582,0
1206,458,105,42,492,0
1207,595,184,52,465,0
1208,307,98,6,54,0
1209,349,134,5,34,0
1210,232,50,9,85,0
1211,465,169,27,174,0
1212,1035,139,30,456,0
1213,1253,224,61,795,0
1214,527,114,58,618,0
1215,193,122,30,105,0
1216,534,333,39,178,0
1217,226,75,112,776,0
1218,362,539,23,44,0
1219,340,152,74,456,0
1220,275,204,153,567,0
1221,3,64,615,134,0
1222,259,450,337,614,0
1223,2,98,98,5,0
1224,0,0,518,586,0
1225,36,134,133,108,0
1226,0,0,0,0,0
1227,0,0,730,7,0
1228,0,0,1216,43,0
1229,21,297,340,72,0
1230,0,0,634,230,0
1231,35,136,138,114,0
1232,35,109,173,142,0
1233,0,0,0,0,0
1234,303,798,96,98,0
1235,0,0,0,0,0
1236,0,0,243,88,0
1237,0,0,251,134,0
1238,0,0,0,0,0
1239,0,0,0,0,0
1240,0,0,0,0,0
1241,334,312,511,1524,0
1242,190,219,433,1091,0
1243,73,71,31,80,0
1244,37,60,102,198,0
1245,57,78,90,206,0
1246,276,83,86,879,0
1247,0,0,0,0,0
1248,0,0,0,0,0
1249,0,0,0,0,0
1250,0,0,708,7,0
1251,0,0,255,7,0
1252,0,0,427,10,0
1253,0,0,0,0,0
1254,11,329,14,2,0
1255,0,0,0,0,0
1256,0,0,495,1699,0
1257,156,1386,536,232,0
1258,1,25,483,38,0
1259,112,688,82,44,0
1260,998,1174,185,571,0
1261,696,687,112,382,0
1262,217,224,26,89,0
1263,103,96,54,188,0
1264,927,551,89,553,0
1265,48,204,154,132,0
1266,85,403,79,53,0
1267,1474,436,13,172,0
1268,690,185,96,1295,0
1269,1199,314,26,379,0
1270,1670,327,15,274,0
1271,212,105,129,943,0
1272,471,351,43,232,0
1273,687,244,5,67,0
1274,477,137,8,70,0
1275,0,0,970,663,0
1276,1831,223,62,1385,0
1277,808,208,15,217,0
1278,43,7,291,4941,0
1279,1201,275,29,380,0
1280,805,302,18,156,0
1281,917,306,13,127,0
1282,698,248,54,542,0
1283,664,280,41,317,0
1284,758,287,34,299,0
1285,472,132,189,2121,0
1286,955,231,88,1150,0
1287,1232,196,111,1656,0
1288,519,188,7,56,0
1289,321,84,25,262,0
1290,1002,245,78,978,0
1291,439,218,70,386,0
1292,7,152,12,1,0
1293,168,80,10,35,0
1294,248,109,5,33,0
1295,829,101,36,811,0
1296,0,0,123,4161,0
1297,1571,123,16,520,0
1298,393,260,45,235,0
1299,3,1,116,447,0
1300,235,54,83,784,0
1301,278,241,32,129,0
1302,1403,487,75,700,0
1303,1130,390,59,633,0
1304,764,312,7,77,0
1305,62,42,509,2148,0
1306,1135,226,26,402,0
1307,330,126,4,39,0
1308,153,57,35,356,0
1309,1274,279,40,549,0
1310,663,203,67,714,0
1311,2,0,51,2391,0
1312,221,84,24,178,0
1313,374,117,93,787,0
1314,494,181,26,223,0
1315,151,55,91,660,0
1316,234,117,17,107,0
1317,443,170,23,172,0
1318,66,53,84,313,0
1319,195,62,76,790,0
1320,14,2,85,1396,0
1321,863,187,62,873,0
1322,48,130,171,196,0
1323,455,79,63,1059,0
1324,427,174,126,1044,0
1325,781,123,27,474,0
1326,2,0,252,4204,0
1327,5,3,465,1825,0
1328,477,187,123,1114,0
1329,394,149,3,38,0
1330,266,122,2,27,0
1331,5,32,401,196,0
1332,303,108,5,54,0
1333,506,209,5,49,0
1334,339,140,24,213,0
1335,683,295,29,242,0
1336,201,122,24,141,0
1337,708,287,7,69,0
1338,272,134,19,133,0
1339,12,60,50,36,0
1340,0,0,59,289,0
1341,339,127,37,320,0
1342,222,112,46,343,0
1343,329,151,3,32,0
1344,378,193,65,466,0
1345,369,206,34,227,0
1346,200,96,53,323,0
1347,948,134,25,410,0
1348,274,147,22,162,0
1349,300,127,33,219,0
1350,385,155,5,40,0
1351,358,206,35,222,0
1352,413,149,92,764,0
1353,692,83,153,2627,0
1354,563,86,76,1401,0
1355,404,116,108,1069,0
1356,249,174,5,25,0
1357,225,104,139,965,0
1358,386,167,109,738,0
1359,545,92,109,1474,0
1360,697,82,161,2775,0
1361,664,122,7,114,0
1362,259,131,23,172,0
1363,651,135,12,204,0
1364,536,166,14,168,0
1365,128,86,36,194,0
1366,165,76,59,415,0
1367,474,364,26,122,0
1368,462,50,79,1956,0
1369,202,115,17,111,0
1370,287,184,6,39,0
1371,605,323,78,517,0
1372,198,158,35,169,0
1373,52,164,43,48,0
1374,452,107,111,1285,0
1375,296,155,26,158,0
1376,403,270,54,273,0
1377,152,126,38,162,0
1378,338,46,383,9820,0
1379,264,193,10,53,0
1380,223,173,5,27,0
1381,328,23,64,2300,0
1382,405,47,109,2452,0
1383,1110,168,178,2824,0
1384,1282,516,47,433,0
1385,163,136,174,820,0
1386,293,164,85,611,0
1387,223,193,23,110,0
1388,691,366,59,437,0
1389,532,246,52,327,0
1390,670,233,110,1105,0
1391,681,291,27,221,0
1392,706,291,44,356,0
1393,231,308,18,55,0
1394,0,0,184,5841,0
1395,111,85,65,276,0
1396,200,68,101,868,0
1397,99,34,192,1527,0
1398,95,33,248,2332,0
1399,203,141,117,673,0
1400,466,189,9,84,0
1401,385,166,28,274,0
1402,288,181,5,33,0
1403,185,81,28,260,0
1404,322,119,30,315,0
1405,602,120,65,908,0
1406,659,258,45,413,0
1407,516,295,22,146,0
1408,243,168,70,291,0
1409,226,154,105,443,0
1410,32,8,324,4166,0
1411,56,20,301,2508,0
1412,546,141,320,3490,0
1413,22,6,112,1198,0
1414,0,0,319,8,0
1415,231,180,49,208,0
1416,54,25,467,2776,0
1417,164,115,217,922,0
1418,111,121,104,359,0
1419,168,266,8,21,0
1420,64,245,24,22,0
1421,73,205,24,35,0
1422,114,163,71,190,0
1423,144,212,32,75,0
1424,541,286,56,321,0
1425,80,53,354,1752,0
1426,25,87,642,574,0
1427,104,522,142,99,0
1428,3,1,96,550,0
1429,422,85,26,303,0
1430,1,0,82,1088,0
1431,904,67,74,2362,0
1432,535,125,66,662,0
1433,286,54,84,975,0
1434,526,108,92,1161,0
1435,992,199,17,195,0
1436,392,62,49,762,0
1437,549,120,10,121,0
1438,234,73,16,138,0
1439,679,132,15,200,0
1440,525,73,45,681,0
1441,759,44,30,962,0
1442,142,41,58,479,0
1443,129,6,118,4662,0
1444,1239,151,121,2362,0
1445,707,50,26,715,0
1446,320,88,29,242,0
1447,395,104,65,643,0
1448,1345,159,125,2267,0
1449,488,84,84,1308,0
1450,123,98,8,27,0
1451,706,153,64,676,0
1452,892,221,75,785,0
1453,184,8,127,9501,0
1454,266,36,212,4569,0
1455,0,0,138,112,0
1456,731,156,64,787,0
1457,634,165,88,853,0
1458,943,155,34,454,0
1459,289,131,26,170,0
1460,708,224,11,91,0
1461,448,153,9,68,0
1462,976,319,81,622,0
1463,798,294,18,135,0
1464,198,189,61,161,0
1465,276,77,22,209,0
1466,170,55,14,114,0
1467,467,135,12,122,0
1468,268,65,20,230,0
1469,520,78,55,984,0
1470,755,97,35,752,0
1471,928,141,18,275,0
1472,351,70,26,317,0
1473,621,127,13,170,0
1474,359,86,35,346,0
1475,577,153,18,187,0
1476,773,79,93,2276,0
1477,447,130,19,210,0
1478,457,129,21,217,0
1479,504,229,121,685,0
1480,585,208,9,70,0
1481,380,106,42,452,0
1482,655,220,26,207,0
1483,244,96,28,207,0
1484,1341,531,150,1052,0
1485,1347,542,124,838,0
1486,288,80,19,169,0
1487,302,62,6,82,0
1488,312,95,12,107,0
1489,410,95,33,361,0
1490,1018,99,32,817,0
1491,244,110,19,118,0
1492,453,101,116,1383,0
1493,489,124,30,332,0
1494,343,110,3,34,0
1495,388,73,68,1013,0
1496,448,181,9,67,0
1497,1321,348,108,1195,0
1498,727,375,43,264,0
1499,386,42,114,2725,0
1500,122,9,91,2648,0
1501,68,6,75,2039,0
1502,136,42,34,290,0
1503,568,72,93,2049,0
1504,114,24,91,1198,0
1505,254,66,2,29,0
1506,469,110,56,693,0
1507,725,73,6,169,0
1508,309,95,21,195,0
1509,398,79,70,835,0
1510,666,132,199,2973,0
1511,454,135,10,101,0
1512,439,123,41,474,0
1513,323,75,81,929,0
1514,217,50,81,1040,0
1515,1016,280,35,375,0
1516,485,252,38,238,0
1517,979,356,74,601,0
1518,717,246,66,604,0
1519,330,340,10,32,0
1520,181,110,6,30,0
1521,94,118,7,17,0
1522,69,5,109,4023,0
1523,428,28,63,2750,0
1524,33,4,226,4086,0
1525,206,61,88,919,0
1526,642,226,14,131,0
1527,884,249,48,487,0
1528,367,105,72,661,0
1529,314,72,62,735,0
1530,476,111,85,988,0
1531,331,114,3,32,0
1532,516,145,14,125,0
1533,396,131,26,253,0
1534,473,131,27,333,0
1535,392,117,39,431,0
1536,262,187,51,207,0
1537,403,141,12,107,0
1538,401,284,29,124,0
1539,491,376,27,114,0
1540,355,376,75,216,0
1541,853,581,72,329,0
1542,513,134,28,357,0
1543,227,93,2,23,0
1544,285,44,35,695,0
1545,428,71,152,2037,0
1546,412,132,193,1745,0
1547,613,193,66,645,0
1548,860,287,32,322,0
1549,55,9,102,2004,0
1550,701,289,16,128,0
1551,280,172,5,28,0
1552,15,4,24,253,0
1553,493,380,47,200,0
1554,491,346,17,80,0
1555,182,47,188,2105,0
1556,516,217,133,1257,0
1557,661,156,106,1081,0
1558,730,363,34,259,0
1559,130,42,199,1970,0
1560,97,42,1,9,0
1561,341,249,7,33,0
1562,230,172,81,361,0
1563,284,249,27,103,0
1564,155,98,10,54,0
1565,497,425,24,105,0
1566,383,41,206,5299,0
1567,739,284,37,293,0
1568,26,21,62,221,0
1569,472,448,12,46,0
1570,395,154,8,70,0
1571,574,360,28,143,0
1572,546,728,65,165,0
1573,794,217,25,267,0
1574,6,2,73,513,0
1575,327,32,88,2130,0
1576,986,877,115,380,0
1577,1,1227,4296,21,0
1578,0,0,0,0,0
1579,0,0,1060,12,0
1580,0,0,0,0,0
1581,0,0,657,27,0
1582,4,215,430,38,0
1583,6,541,70,3,0
1584,6,410,507,21,0
1585,23,201,5,2,0
1586,7,3191,145,1,0
1587,1,60,364,6,0
1588,5,708,0,0,0
1589,0,0,0,0,0
1590,0,0,648,24,0
1591,0,0,652,33,0
1592,0,0,651,128,0
1593,0,0,253,9,0
1594,1,165,413,10,0
1595,11,359,9,1,0
1596,113,229,5,10,0
1597,0,0,168,92,0
1598,0,0,0,0,0
1599,0,0,0,0,0
1600,0,0,0,0,0
1601,0,0,0,0,0
1602,13,331,239,26,0
1603,85,239,35,47,0
1604,0,0,0,0,0
1605,0,0,0,0,0
1606,0,0,0,0,0
1607,0,0,0,0,0
1608,0,0,0,0,0
1609,0,0,0,0,0
1610,7,303,134,8,0
1611,55,1097,50,9,0
1612,0,0,451,10,0
1613,5,1366,210,2,0
1614,0,0,0,0,0
1615,0,0,0,0,0
1616,0,0,644,3,0
1617,68,148,56,90,0
1618,27,153,124,73,0
1619,0,0,0,0,0
1620,0,0,184,94,0
1621,0,0,0,0,0
1622,3,19,236,98,0
1623,0,0,0,0,0
1624,0,0,0,0,0
1625,32,187,185,127,0
1626,0,0,0,0,0
1627,0,0,194,108,0
1628,0,0,0,0,0
1629,267,157,27,165,0
1630,176,1000,93,59,0
1631,98,305,31,36,0
1632,292,628,49,99,0
1633,249,673,31,46,0
1634,0,0,137,106,0
1635,0,0,218,3,0
1636,0,0,1956,18,0
1637,0,0,0,0,0
1638,3,2964,0,0,0
1639,1,2,77,36,0
1640,42,212,62,47,0
1641,686,289,54,466,0
1642,588,65,60,1542,0
1643,11,32,261,277,0
1644,41,47,105,297,0
1645,43,139,49,54,0
1646,0,36,109,6,0
1647,1,83,251,12,0
1648,342,73,48,623,0
1649,17,58,206,195,0
1650,12,49,77,60,0
1651,14,116,224,89,0
1652,0,0,861,229,0
1653,432,164,4,41,0
1654,473,164,6,54,0
1655,119,177,18,45,0
1656,616,357,10,70,0
1657,105,150,22,55,0
1658,136,143,16,55,0
1659,273,119,3,32,0
1660,340,159,33,256,0
1661,0,0,83,470,0
1662,242,137,30,174,0
1663,18,3,36,683,0
1664,149,54,36,310,0
1665,212,61,23,228,0
1666,107,46,72,532,0
1667,260,66,36,442,0
1668,245,31,59,1247,0
1669,226,75,87,787,0
1670,220,109,4,31,0
1671,64,70,29,84,0
1672,57,76,8,23,0
1673,45,44,42,128,0
1674,134,101,9,42,0
1675,64,140,31,51,0
1676,122,166,5,14,0
1677,106,313,59,76,0
1678,301,227,39,182,0
1679,28,102,22,24,0
1680,192,164,4,20,0
1681,84,194,10,18,0
1682,274,154,104,620,0
1683,221,128,3,23,0
1684,225,133,14,100,0
1685,332,82,138,1941,0
1686,352,136,4,40,0
1687,187,155,4,22,0
1688,231,127,16,105,0
1689,264,149,13,80,0
1690,327,302,13,63,0
1691,273,147,3,32,0
1692,271,198,5,31,0
1693,181,158,8,37,0
1694,465,226,9,70,0
1695,340,149,18,175,0
1696,294,152,7,58,0
1697,164,146,7,31,0
1698,223,184,8,43,0
1699,99,152,8,21,0
1700,287,177,29,196,0
1701,62,34,129,915,0
1702,152,53,27,277,0
1703,246,78,7,80,0
1704,306,101,10,122,0
1705,132,82,7,49,0
1706,0,0,368,2721,0
1707,18,72,114,111,0
1708,24,36,72,173,0
1709,128,70,32,210,0
1710,0,0,492,86,0
1711,151,137,9,39,0
1712,0,0,122,10,0
1713,5,7,51,86,0
1714,0,0,71,40,0
1715,0,0,95,89,0
1716,0,0,69,96,0
1717,230,108,6,49,0
1718,410,119,6,68,0
1719,0,0,29,552,0
1720,676,139,42,721,0
1721,2,4,215,187,0
1722,45,10,91,1551,0
1723,19,21,54,189,0
1724,635,160,6,80,0
1725,40,59,10,26,0
1726,289,66,35,555,0
1727,653,91,4,114,0
1728,0,0,137,2340,0
1729,0,0,110,1335,0
1730,238,300,32,97,0
1731,263,99,2,27,0
1732,0,0,195,236,0
1733,502,454,38,155,0
1734,0,0,279,1,0
1735,854,1472,45,85,0
1736,289,647,83,142,0
1737,419,535,16,54,0
1738,303,500,28,59,0
1739,398,515,80,261,0
1740,72,179,7,12,0
1741,238,215,124,554,0
1742,35,89,41,65,0
1743,341,265,116,611,0
1744,194,902,87,72,0
1745,364,227,65,372,0
1746,208,292,11,31,0
1747,168,58,50,474,0
1748,343,188,14,96,0
1749,377,433,24,79,0
1750,196,161,13,67,0
1751,238,238,8,36,0
1752,109,148,47,146,0
1753,80,162,39,72,0
1754,126,127,14,60,0
1755,329,306,7,34,0
1756,207,216,27,98,0
1757,261,213,29,137,0
1758,328,101,67,706,0
1759,247,193,70,330,0
1760,285,251,46,229,0
1761,280,332,11,45,0
1762,292,272,33,154,0
1763,222,260,7,23,0
1764,149,153,7,28,0
1765,472,288,6,45,0
1766,338,168,26,217,0
1767,454,242,16,118,0
1768,284,111,2,26,0
1769,267,162,5,31,0
1770,291,289,13,45,0
1771,220,300,7,23,0
1772,329,185,9,68,0
1773,217,72,43,560,0
1774,430,212,4,40,0
1775,353,126,9,84,0
1776,60,90,104,248,0
1777,593,228,53,538,0
1778,353,231,17,114,0
1779,426,390,11,49,0
1780,31,34,383,1256,0
1781,452,328,62,360,0
1782,323,341,68,259,0
1783,536,162,21,276,0
1784,481,150,89,893,0
1785,483,181,13,120,0
1786,607,280,48,356,0
1787,3,0,196,2581,0
1788,0,0,152,2243,0
1789,355,64,69,1099,0
1790,298,73,22,256,0
1791,253,63,36,409,0
1792,735,240,33,355,0
1793,12,1,42,1129,0
1794,171,22,52,1161,0
1795,391,76,71,1006,0
1796,137,34,29,344,0
1797,439,128,22,237,0
1798,95,15,24,461,0
1799,650,155,82,1092,0
1800,77,18,195,2755,0
1801,149,46,35,300,0
1802,37,3,177,6893,0
1803,618,99,25,483,0
1804,1,0,80,787,0
1805,17,35,31,30,0
1806,7,153,30,5,0
1807,292,271,26,101,0
1808,62,219,62,61,0
1809,0,0,111,733,0
1810,0,0,55,665,0
1811,0,0,254,2991,0
1812,280,189,12,70,0
1813,284,196,6,43,0
1814,240,189,7,36,0
1815,118,26,145,2726,0
1816,301,165,4,36,0
1817,304,157,11,89,0
1818,408,277,8,47,0
1819,610,102,47,922,0
1820,431,173,27,255,0
1821,487,232,27,183,0
1822,436,182,32,265,0
1823,535,256,7,64,0
1824,405,139,12,117,0
1825,505,226,6,49,0
1826,532,298,16,107,0
1827,50,7,32,536,0
1828,239,16,54,1819,0
1829,691,161,33,452,0
1830,512,261,44,310,0
1831,614,258,6,57,0
1832,141,44,76,820,0
1833,432,299,14,75,0
1834,385,213,5,43,0
1835,38,15,56,501,0
1836,225,147,100,492,0
1837,295,237,40,185,0
1838,418,337,9,46,0
1839,1063,113,15,387,0
1840,800,74,20,634,0
1841,207,77,42,362,0
1842,4,7,53,72,0
1843,1045,53,53,3054,0
1844,1,0,105,703,0
1845,202,31,16,305,0
1846,0,0,181,551,0
1847,6,1,89,1055,0
1848,0,0,108,147,0
1849,267,101,70,623,0
1850,82,21,142,1792,0
1851,0,0,291,181,0
1852,0,0,302,2277,0
1853,123,108,299,1121,0
1854,162,98,115,803,0
1855,230,177,49,243,0
1856,307,109,65,669,0
1857,24,4,195,3969,0
1858,1,0,397,2333,0
1859,120,56,91,632,0
1860,0,0,157,1357,0
1861,2,0,140,2067,0
1862,1,0,141,1214,0
1863,1,0,146,1810,0
1864,217,68,73,770,0
1865,146,72,67,414,0
1866,566,122,4,59,0
1867,27,123,183,155,0
1868,16,54,123,114,0
1869,305,150,12,93,0
1870,251,53,26,433,0
1871,341,21,31,1661,0
1872,546,148,13,181,0
1873,454,105,46,689,0
1874,938,120,60,1474,0
1875,547,71,128,3527,0
1876,723,144,42,712,0
1877,607,152,17,220,0
1878,398,58,37,740,0
1879,852,149,34,681,0
1880,420,76,85,1450,0
1881,745,62,86,2754,0
1882,171,35,45,831,0
1883,609,224,11,114,0
1884,724,225,5,67,0
1885,145,172,17,53,0
1886,464,132,39,467,0
1887,280,121,27,225,0
1888,102,16,160,3467,0
1889,693,85,38,933,0
1890,611,158,5,73,0
1891,341,135,28,264,0
1892,578,290,86,635,0
1893,371,48,21,445,0
1894,803,137,26,489,0
1895,494,118,45,619,0
1896,421,120,41,514,0
1897,77,34,44,370,0
1898,261,24,32,957,0
1899,420,112,12,134,0
1900,532,161,5,59,0
1901,410,167,15,126,0
1902,690,140,41,613,0
1903,250,83,76,813,0
1904,529,99,56,865,0
1905,203,17,27,1059,0
1906,535,159,23,272,0
1907,463,158,4,44,0
1908,452,148,18,207,0
1909,420,52,37,881,0
1910,333,48,269,5666,0
1911,435,138,21,239,0
1912,626,88,8,153,0
1913,20,2,40,1393,0
1914,0,0,37,910,0
1915,5,0,39,989,0
1916,296,53,75,1319,0
1917,446,137,25,251,0
1918,356,124,5,51,0
1919,81,16,60,861,0
1920,446,143,17,167,0
1921,250,131,5,34,0
1922,750,85,42,1258,0
1923,2,0,91,2899,0
1924,301,121,176,1382,0
1925,379,62,79,1375,0
1926,196,15,13,472,0
1927,9,1,25,519,0
1928,0,0,52,1789,0
1929,401,208,47,287,0
1930,385,153,4,38,0
1931,847,89,10,265,0
1932,356,121,9,93,0
1933,654,90,31,716,0
1934,206,28,58,1146,0
1935,408,61,34,626,0
1936,0,0,106,2789,0
1937,5,1,51,408,0
1938,0,0,84,2796,0
1939,94,9,43,1268,0
1940,400,232,35,201,0
1941,251,212,50,178,0
1942,99,45,44,378,0
1943,286,133,120,890,0
1944,60,41,23,104,0
1945,357,174,41,267,0
1946,356,202,6,41,0
1947,364,181,150,935,0
1948,93,12,54,1185,0
1949,612,163,65,717,0
1950,585,296,56,361,0
1951,331,67,88,1320,0
1952,520,272,32,196,0
1953,4,1,90,1247,0
1954,670,64,27,789,0
1955,347,84,12,160,0
1956,484,42,23,754,0
1957,345,37,15,377,0
1958,473,38,16,598,0
1959,88,8,52,1520,0
1960,217,27,60,1404,0
1961,639,27,18,1089,0
1962,222,65,12,125,0
1963,396,132,33,311,0
1964,826,121,2,76,0
1965,450,178,6,51,0
1966,170,14,15,613,0
1967,193,18,17,521,0
1968,24,2,335,15942,0
1969,637,206,9,94,0
1970,247,136,7,52,0
1971,958,58,5,261,0
1972,1067,50,3,269,0
1973,681,32,3,240,0
1974,500,68,6,175,0
1975,464,108,4,80,0
1976,824,54,9,423,0
1977,513,45,1,54,0
1978,322,28,3,105,0
1979,445,53,12,360,0
1980,171,6,16,1303,0
1981,218,18,2,95,0
1982,118,22,9,133,0
1983,143,28,1,13,0
1984,0,0,178,2048,0
1985,334,141,21,178,0
1986,376,117,29,301,0
1987,667,213,32,307,0
1988,330,131,5,44,0
1989,488,108,34,470,0
1990,268,14,52,2704,0
1991,79,2,75,5213,0
1992,383,38,11,366,0
1993,121,30,102,1302,0
1994,379,84,2,40,0
1995,342,33,16,501,0
1996,111,11,36,879,0
1997,465,24,7,406,0
1998,1,12,62,25,0
1999,630,140,16,226,0
2000,275,45,19,293,0
2001,622,41,7,274,0
2002,253,13,19,965,0
2003,174,20,24,503,0
2004,310,8,24,2538,0
2005,11,0,21,1291,0
2006,191,176,67,258,0
2007,321,276,30,133,0
2008,18,237,190,48,0
2009,189,187,30,106,0
2010,531,190,11,121,0
2011,195,80,3,35,0
2012,509,163,6,67,0
2013,125,39,1,11,0
2014,56,160,47,63,0
2015,449,170,13,119,0
2016,251,73,5,59,0
2017,4,59,243,70,0
2018,43,84,105,179,0
2019,285,131,17,129,0
2020,492,133,8,116,0
2021,295,102,18,162,0
2022,93,135,14,32,0
2023,116,109,70,258,0
2024,110,133,30,85,0
2025,148,49,21,222,0
2026,292,68,28,365,0
2027,304,60,5,71,0
2028,215,18,30,1030,0
2029,187,5,27,2506,0
2030,221,50,13,176,0
2031,284,40,7,157,0
2032,235,15,19,843,0
2033,852,72,1,78,0
2034,245,42,5,117,0
2035,67,7,23,634,0
2036,82,4,28,1376,0
2037,236,19,12,491,0
2038,298,39,8,204,0
2039,395,69,2,41,0
2040,259,42,23,400,0
2041,257,42,17,317,0
2042,313,12,9,750,0
2043,452,101,27,369,0
2044,239,91,2,23,0
2045,339,117,31,279,0
2046,153,64,50,414,0
2047,533,99,33,606,0
2048,446,69,1,41,0
2049,194,75,17,146,0
2050,36,14,109,947,0
2051,511,168,43,467,0
2052,1,2,353,642,0
2053,0,0,198,2410,0
2054,0,0,190,807,0
2055,1,2,183,263,0
2056,0,0,95,448,0
2057,0,0,197,2059,0
2058,0,0,155,207,0
2059,30,99,64,69,0
2060,0,0,120,16,0
2061,1,1,162,94,0
2062,104,146,25,68,0
2063,329,157,5,42,0
2064,0,0,122,215,0
2065,198,87,36,246,0
2066,358,108,21,232,0
2067,134,86,20,101,0
2068,225,95,26,197,0
2069,201,69,22,198,0
2070,472,217,8,67,0
2071,342,81,26,351,0
2072,372,76,51,895,0
2073,271,77,18,181,0
2074,388,79,15,224,0
2075,361,116,8,84,0
2076,343,115,3,31,0
2077,319,51,43,793,0
2078,354,58,37,589,0
2079,205,48,44,547,0
2080,385,112,10,117,0
2081,269,172,13,75,0
2082,20,5,157,1646,0
2083,76,77,83,261,0
2084,168,154,20,76,0
2085,493,150,48,544,0
2086,194,112,6,40,0
2087,269,208,16,79,0
2088,64,212,45,49,0
2089,43,118,11,15,0
2090,0,0,241,42,0
2091,8,27,144,131,0
2092,29,111,47,35,0
2093,130,49,22,167,0
2094,287,51,47,744,0
2095,361,92,6,84,0
2096,237,137,33,191,0
2097,318,158,5,40,0
2098,157,189,21,65,0
2099,206,62,5,63,0
2100,238,79,6,62,0
2101,385,161,4,37,0
2102,196,105,3,24,0
2103,341,234,8,53,0
2104,242,72,2,25,0
2105,257,157,8,52,0
2106,205,155,3,19,0
2107,262,341,33,92,0
2108,90,92,6,21,0
2109,374,237,29,177,0
2110,154,189,64,188,0
2111,114,151,91,258,0
2112,270,195,31,158,0
2113,255,541,18,32,0
2114,75,72,34,154,0
2115,188,124,56,303,0
2116,253,568,77,136,0
2117,225,739,65,71,0
2118,23,78,32,40,0
2119,216,501,134,217,0
2120,49,408,163,79,0
2121,17,73,300,222,0
2122,3,65,599,109,0
2123,1,1,169,324,0
2124,0,0,106,608,0
2125,0,0,82,902,0
2126,394,114,22,249,0
2127,463,191,22,202,0
2128,316,162,9,69,0
2129,45,173,46,40,0
2130,29,26,161,594,0
2131,19,50,94,115,0
2132,1,1,267,1379,0
2133,150,281,151,271,0
2134,162,253,47,105,0
2135,526,146,5,77,0
2136,95,62,13,70,0
2137,351,112,2,38,0
2138,210,105,4,37,0
2139,626,191,32,435,0
2140,90,100,17,52,0
2141,358,143,6,65,0
2142,409,120,9,126,0
2143,456,166,17,188,0
2144,407,201,5,50,0
2145,4,180,201,19,0
2146,119,87,38,168,0
2147,45,77,56,114,0
2148,20,251,145,47,0
2149,42,165,216,175,0
2150,27,209,41,15,0
2151,0,0,86,2465,0
2152,76,13,29,489,0
2153,50,13,24,263,0
2154,282,58,26,382,0
2155,326,77,8,102,0
2156,178,26,14,294,0
2157,289,47,38,658,0
2158,278,78,5,63,0
2159,267,74,10,121,0
2160,191,51,13,146,0
2161,230,63,6,75,0
2162,292,86,4,46,0
2163,298,150,21,138,0
2164,173,72,2,23,0
2165,234,97,3,32,0
2166,155,60,6,52,0
2167,244,48,55,865,0
2168,260,93,46,412,0
2169,209,34,26,526,0
2170,305,128,17,156,0
2171,316,109,6,76,0
2172,157,23,56,1275,0
2173,93,115,32,105,0
2174,14,12,142,614,0
2175,20,69,83,94,0
2176,43,158,23,23,0
2177,79,70,77,334,0
2178,150,113,20,109,0
2179,3,70,31,4,0
2180,3,22,113,66,0
2181,40,143,55,53,0
2182,58,151,69,86,0
2183,0,0,356,84,0
2184,19,199,98,32,0
2185,2,7,168,240,0
2186,16,883,418,27,0
2187,8,484,161,9,0
2188,0,0,426,3,0
2189,166,249,67,151,0
2190,84,64,67,285,0
2191,2,8,267,91,0
2192,362,90,118,1364,0
2193,193,35,138,2158,0
2194,0,0,207,1076,0
2195,0,0,179,166,0
2196,3,7,371,256,0
2197,1,1,165,829,0
2198,3,4,204,348,0
2199,13,149,71,22,0
2200,1,0,107,837,0
2201,0,0,145,796,0
2202,4,208,138,8,0
2203,12,229,45,8,0
2204,15,171,11,3,0
2205,1,136,239,7,0
2206,17,246,49,9,0
2207,11,144,31,7,0
2208,14,240,30,6,0
2209,12,185,57,9,0
2210,22,209,23,7,0
2211,20,284,37,8,0
2212,8,152,70,12,0
2213,13,272,97,15,0
2214,3,100,138,11,0
2215,5,112,56,5,0
2216,4,89,78,7,0
2217,5,100,36,4,0
2218,1,59,149,10,0
2219,3,56,10,2,0
2220,4,124,19,2,0
2221,15,1405,883,22,0
2222,15,954,146,8,0
2223,35,695,150,24,0
2224,36,673,140,24,0
2225,13,770,110,7,0
2226,36,561,101,23,0
2227,38,554,95,23,0
2228,85,699,236,85,0
2229,9,1303,113,2,0
2230,26,645,124,17,0
2231,64,472,268,115,0
2232,24,563,445,57,0
2233,8,479,18,1,0
2234,25,474,80,12,0
2235,63,532,46,17,0
2236,54,631,102,27,0
2237,17,206,48,9,0
2238,6,106,60,8,0
2239,7,188,99,10,0
2240,56,449,59,24,0
2241,3,67,107,8,0
2242,17,188,39,12,0
2243,5,93,38,5,0
2244,13,141,9,3,0
2245,5,157,90,8,0
2246,3,74,42,4,0
2247,1,298,0,0,0
2248,0,0,143,58,0
2249,64,1011,104,23,0
2250,20,560,76,10,0
2251,2,405,0,0,0
2252,5,212,81,5,0
2253,13,445,129,14,0
2254,8,415,36,2,0
2255,26,538,88,15,0
2256,34,309,18,6,0
2257,14,227,20,4,0
2258,12,27,259,502,0
2259,55,912,76,15,0
2260,15,362,79,11,0
2261,18,231,42,10,0
2262,9,133,2,1,0
2263,111,181,84,187,0
2264,14,210,76,12,0
2265,39,86,78,113,0
2266,48,1215,405,58,0
2267,27,254,30,9,0
2268,19,147,37,16,0
2269,9,50,130,54,0
2270,0,0,119,1053,0
2271,1,0,98,776,0
2272,19,221,12,3,0
2273,202,124,18,81,0
2274,20,330,72,17,0
2275,26,197,20,9,0
2276,8,164,19,3,0
2277,11,464,367,34,0
2278,12,223,38,6,0
2279,8,160,62,9,0
2280,8,168,58,10,0
2281,3,71,132,24,0
2282,1,0,89,94,0
2283,40,76,36,62,0
2284,4,225,248,11,0
2285,2,166,166,7,0
2286,19,260,61,13,0
2287,69,153,42,63,0
2288,50,163,64,68,0
2289,171,136,41,187,0
2290,1,316,189,3,0
2291,38,84,52,85,0
2292,106,70,74,385,0
2293,17,181,112,33,0
2294,82,103,18,46,0
2295,17,109,9,4,0
2296,136,198,84,169,0
2297,40,173,58,43,0
2298,6,144,90,10,0
2299,2,97,271,14,0
2300,119,72,31,181,0
2301,274,184,7,38,0
2302,36,109,71,80,0
2303,26,243,51,13,0
2304,79,195,58,88,0
2305,216,214,22,97,0
2306,206,143,10,46,0
2307,125,57,37,256,0
2308,226,118,3,21,0
2309,191,288,30,72,0
2310,67,173,29,41,0
2311,297,163,8,61,0
2312,63,118,49,96,0
2313,147,223,66,143,0
2314,62,440,245,119,0
2315,57,144,41,61,0
2316,41,176,16,15,0
2317,136,287,9,17,0
2318,88,405,268,196,0
2319,7,130,28,5,0
2320,23,131,2,2,0
2321,135,171,5,17,0
2322,44,159,13,14,0
2323,45,341,122,58,0
2324,252,165,12,72,0
2325,338,794,40,67,0
2326,142,760,96,66,0
2327,302,726,24,37,0
2328,0,0,231,1,0
2329,74,131,44,95,0
2330,2,120,0,0,0
2331,1,1,95,424,0
2332,101,51,30,199,0
2333,97,107,3,9,0
2334,57,168,42,46,0
2335,184,59,24,246,0
2336,218,61,17,207,0
2337,202,50,65,831,0
2338,144,59,7,56,0
2339,66,25,105,989,0
2340,307,142,12,100,0
2341,42,184,13,11,0
2342,80,196,109,157,0
2343,62,155,29,39,0
2344,204,211,17,49,0
2345,406,184,27,203,0
2346,262,154,23,158,0
2347,319,141,6,50,0
2348,388,215,10,74,0
2349,204,230,22,79,0
2350,66,150,73,113,0
2351,404,148,33,293,0
2352,302,87,27,308,0
2353,0,0,64,260,0
2354,307,139,23,175,0
2355,296,120,29,232,0
2356,15,4,94,937,0
2357,362,109,15,182,0
2358,7,85,39,11,0
2359,90,69,2,12,0
2360,319,91,7,87,0
2361,88,86,2,9,0
2362,5,81,37,10,0
2363,139,159,4,15,0
2364,26,95,52,51,0
2365,2,63,63,4,0
2366,8,161,50,9,0
2367,3,80,120,9,0
2368,135,490,108,114,0
2369,152,163,61,214,0
2370,4,121,89,11,0
2371,14,141,14,5,0
2372,3,69,19,2,0
2373,6,147,58,8,0
2374,17,134,20,10,0
2375,45,147,61,62,0
2376,148,102,4,26,0
2377,223,108,18,131,0
2378,82,98,23,61,0
2379,224,121,27,175,0
2380,287,284,39,147,0
2381,329,950,58,78,0
2382,76,539,44,25,0
2383,196,126,51,255,0
2384,1,53,32,3,0
2385,10,91,26,9,0
2386,11,151,96,23,0
2387,18,151,37,18,0
2388,106,94,6,26,0
2389,0,0,153,86,0
2390,5,67,91,31,0
2391,7,98,142,36,0
2392,11,64,238,111,0
2393,235,162,9,47,0
2394,152,249,31,58,0
2395,3,580,52,1,0
2396,63,176,65,74,0
2397,7,237,36,4,0
2398,14,235,20,4,0
2399,1,136,204,6,0
2400,1,48,176,11,0
2401,3,63,76,6,0
2402,0,18,169,9,0
2403,0,0,95,6,0
2404,1,36,91,5,0
2405,425,251,7,51,0
2406,187,175,13,52,0
2407,153,69,28,214,0
2408,4,291,1310,27,0
2409,39,1188,276,36,0
2410,139,1731,221,67,0
2411,85,1444,690,139,0
2412,45,327,24,12,0
2413,57,333,81,43,0
2414,24,570,127,17,0
2415,23,2978,13797,315,0
2416,1,360,7930,22,0
2417,0,0,3677,44,0
2418,28,3064,163,5,0
2419,30,1990,571,29,0
2420,106,1928,457,89,0
2421,29,4611,5582,115,0
2422,19,2716,1295,31,0
2423,185,415,17,26,0
2424,89,459,25,17,0
2425,13,1806,722,16,0
